text,actual_label,predicted_label,confidence
"I rented this movie the other day b/c I love romance stories, but this has got to be the worst one I have ever seen in my life. I find it hard to believe that Sam would fall in love with Kelley after they've said hardly no more than 2 words to each other when she has a great long-time boyfriend who's devoted to her completely. I thought Kelley was a major jerk throughout the movie, and he never changed at all. The only good thing about the movie was Josh Hartnett. I thought he did a wonderful acting job, and I'm going to start watching more movies of his.",0,1,0.5207613
"I have to admit that I went into Fever Pitch with low expectations. It's no huge revelation for me to say that Jimmy Fallon's last movie (Taxi) was Catwomanly bad, and the trailers for Fever Pitch were all right but didn't mesmerize me. I was already preparing some cheesy baseball puns for my review...<br /><br />""I like Jimmy Fallon, but Taxi was strike one in his movie career. Well, now we've got steeeeee-riiiiiike twoooooooo! One more strike, and it's back to SNL!"" or ""Buy yourself some peanuts and cracker jacks, but don't buy tickets to Fever Pitch. You'll walk out of the theater and never go back!"" Then the movie had to go and be way more entertaining than I was expecting. But hey, I couldn't let my puns go to waste, right? Another reason I thought I wouldn't care for the movie is that I hate the Boston Red Sox. My whole family hates 'em. The mere mention of Pedro Martinez' name sends me running to the bathroom. Oh man, hold on...<br /><br />...All right, I'm back. Anyway, my mom, who is a St. Louis Cardinals fan, still believes the World Series was rigged last year. She refuses to believe the Sox won it legitimately. But I'm man enough to admit that Fever Pitch caused me to sympathize, albeit only slightly, with the plight of Red Sox fans.<br /><br />Anybody who has a passion for sports will be able to relate to this movie on some level. Unless you have a favorite sports team you can't fully understand the extreme highs and lows that a fan such as Fallon's Ben can go through. There's nothing quite so fresh as the smell of a new season and nothing quite so smooth as a clean slate. Well, figuratively speaking. It's the joy of being a sports fan. ""Wait 'til next year,"" becomes your mantra, your motto, your prayer - and Fever Pitch effectively captures that essence.<br /><br />I love the fact that the movie takes a fictional story and throws it against the real-life backdrop of the Red Sox' improbable World Series run last year. I don't love it so much that I want to marry it, but you know what I mean. I expected this to be handled in a fairly cheesy manner, and while some of the humor is a little silly, it's actually pretty realistic.<br /><br />You see, Ben's uncle took him to his first Red Sox game when he was 7 years old, and when he died he left Ben his two season tickets. Ben hasn't missed a game in 23 years. At the beginning of each season he has a draft day where he and his friends get together to figure out who gets to go to which games with him. He makes everybody dance for the Yankees games and whenever somebody complains he threatens them with tickets for the games with the Royals (sorry Mr. Shade) and the Devil Rays. It's a very good scene, and it works so well because I actually know of people who do the ""ticket draft day."" I also must admit that I can relate to when Ben goes to dinner with Lindsey and her parents. The Red Sox are playing a road game, but instead of watching it live on TV Ben decides to tape it. One of the most dangerous things in life is taping a game and then being in public and trying to avoid hearing the result. Been there. It's a very tense and scary situation. Weeeeeell, Ben enters the danger zone when a guy shows up at the restaurant and mentions watching the game. Ben immediately covers his ears and starts shrieking like a banshee so as not to hear the outcome. Lindsey is embarrassed, and her parents don't know what to think. Yeah, sports fans can be weird, I don't deny it. But it's real.<br /><br />Now if you're expecting the crude, edgy stuff that the Farrelly brothers are known for then you could be disappointed. They do have their moments though, like when Ben says he likes how Lindsey sometimes talks out of the side of her mouth ""like an adorable stroke victim,"" but overall this is definitely a softer, more romantic side that the bros are putting on display.<br /><br />That's not to say that the movie ever gets way too sappy. Thankfully, when the sap starts to ooze a bit, the Farrellys know when to pull away. A romantic moment with Lindsey jumping on the field and running over to Ben to declare her undying love for him turns into Ben sincerely replying, ""You've gotta tell me about the outfield. Is it spongy?"" Jimmy Fallon proves that with the right material he can handle himself well on the big screen, and Drew Barrymore remains a constant source of romantic comedy charm. Fever Pitch is just good, solid entertainment that takes a somewhat fresh look at the romantic comedy genre. It's a movie that guys and gals can both relate to. Particularly the guys who practice sports fanaticism at some point during the year and the ladies who must deal with 'em.<br /><br />Now if the Red Sox fans could please shut up about the ""Curse of the Bambino"" I would appreciate it. My Memphis Tigers have NEVER won the NCAA basketball championship, so I officially declare my plight greater than yours.<br /><br />THE GIST Fans of Jimmy Fallon, Drew Barrymore, romantic comedy, the Red Sox, baseball, or sports fanaticism in general should consider giving Fever Pitch a look. I wouldn't go out of my way to rush and see it at the first available time, but it'll make a great matinée.<br /><br />Rating: 3.25 (out of 5)",1,0,0.59261835
"This is what happens when you try to adapt a play from the theater. Look at the end of the picture, totally theatrical.<br /><br />With a reminiscent of Les liaisons dangereuses the final steam-less speech try to make us think that the whole (and deep) theme of this matter was the manhood. Who cares by this point? It was about manipulation. And so the audience feels after this movie has ended.<br /><br />Young directors: A play is told with the words more than actions. A film is the opposite most of the times.<br /><br />And I'm not talking about the gay theme, overly exploited without a point ('cause there's no explanation of this topic considering the so called ""philosophic"" or presumptuous basis) to the level that this film should have been called Grand Gay",0,1,0.5997324
"Here is one movie that is genuinely funny at every single moment that it covers. How can it not be given that this movie stars the creators of South Park and is directed by David Zucker? When I first saw this movie, I did'nt immediately realise that Coop and Doug were really Matt and Trey but their talent in acting and writing came out as quite impressive. I was pleasantly surprised to learn that they were really Matt and Trey, later on. The humor is sometimes crude, sometimes foul, sometimes brilliant, sometimes subtle, sometimes loud and sometimes stupid but overall, this is one hell of a movie that is without doubt, under rated. Well actually, its insane. Totally insane.",1,0,0.5048354
"Although Humphrey Bogart got star billing in King Of The Underworld, I'm willing to bet he didn't thank Jack Warner for it. In fact this film was one hollow crown.<br /><br />King of the Underworld was supposedly a remake of the Paul Muni film, Dr. Socrates, but given Humphrey Bogart was in the cast, the character is written more like Duke Mantee in The Petrified Forest. He even has an English writer along in the person of James Stephenson.<br /><br />Kay Francis and John Eldredge are a pair of married doctors and Eldredge pulls off a tricky bit of surgery on one of Bogart's henchmen. Bogey's a man who appreciates good work done on his behalf and gives Eldredge $500.00 and there's more where that came from if he plays his cards right. Eldredge who has a gambling problem sees a good way to get some undeclared income. <br /><br />But when he's killed in a raid on the gang's hideout, Francis is also thought to be involved by the law and the American Medical Association no matter how much she protests her innocence. It's no good and she and her aunt Jessie Busley move to a small town to get away from the notoriety.<br /><br />Of course the notoriety and Bogart and an itinerant Leslie Howard like writer in Stephenson all meet up with her again. But Kay is plucky and resourceful to say the least.<br /><br />Bogart's character was ridiculous, no wonder the poor guy was screaming for better parts. He's a gangster who both shoots down people without mercy and gives his henchmen hotfoots just for laughs. He's concerned about his image and therefore kidnaps writer Stephenson to ghost write his autobiography and of course confesses enough to burn him in all 48 states. And then let's Kay Francis completely outsmart him, hard to believe he was king of anything.<br /><br />Definitely one of the lesser works for either of the stars.",0,1,0.5901356
"This is so bad I don't know where to begin.<br /><br />The lead role is a good starting point. It is a supreme Mary Sue character that has few things in common with the original one from the book, who was (a bit) more credible. No, this one is invincible, infallible, indomitable, and insipid even beyond the overinflated standards that this ""chicks with swords"" era that our medias are spinning out of late. She is a twenty-something top-model, thin as a match yet rich, already a leader in her academic field, a kung-fu master, a natural sniper and seems to have enough authority to naturally trump anyone official like puny FBI agents. She is God.<br /><br />To balance it out, she is supposed to be socially awkward (due to her typically harsh upbringing that transformed her into a ""Spock"") which gives us some delighted moments where she wonders what is ""Star Wars"", or ""American Idol"", but yet when it's really important she can conveniently reveal herself as a top negotiator and diplomat, because she is so superior, ya know. To top it out, she is played by a wooden actress.<br /><br />The more talented Boreanaz serves as a faire-valoir token for this construct, acting as a bumbling comic-relief and house ""Watson"". In fact, everything in there is a pop-parody of better works like Sherlock Holmes, CSI and X-Files, from which it tries to emulate the sexual tension between main protagonists. It is however cheaper, as this is delivered with all the subtlety of an elbow poke in the ribs, but a million million poor factory girls will doubtlessly buy into it, hence the crazy rating this turkey gets.<br /><br />In fact, the lowest common denominator goes a long way in this sad puppy, resulting in titillating sex details from the legion of sidekicks that aim to pass it out as daring and trendy, while the overall tone of the show carries an obvious neo-conservative view on things.<br /><br />Story-wise, there's not much here to feast upon, as crimes (that always start out with some gruesome remains) are resolved using non-existent technology while the ""squints"", lovable but so wrong (the women less than the guys) goes on varied theories, all of them futile as the main character has it all from the start, and once it is established she goes out and then punch the guy, typically a real tough hombre, with a spin kick here and a slapper there. The end.",0,1,0.58239716
"I saw the original ""Chorus Line"" on Broadway God knows how many times and felt the passion, despair and joy come from this live experience in the theater. Michael Bennett knew he would have to re-imagine ""Chorus"" for the screen but could never figure out how to do it. If the man who came up with the show is stumped - that should answer your question. There are some shows that are simply made to be seen live - with an audience. However, Richard Attenborough fresh of the musical work of ""Ghandi"" and dancing with animals in ""Doctor Doolittle"" ended up directing this film which bore little to no resemblance to the stage show. Horrible songs were added (Surprise! Surprise!), great songs were dropped or given to other characters (which didn't make sense). Michael Douglas was mis-cast. People that couldn't dance tried to act and there was the sexy ""Landers"" woman who couldn't sing, act, or dance - I guess she had just finished being Ghandi's wife. The dances by Jeffrey Hornaday look like nothing more than schlock from ""Flashdance"" rejects and nothing works. I sat there stunned at how something so riveting and emotional could be drained to nothing. If you truly love this show and it is coming back to Broadway in 2006 - see it but don't think that the long running musical event that was ""A Chorus Line"" has any thing at all to do with this film.",0,1,0.5996831
"The Elegant Documentary -<br /><br />Don't watch this movie ... if you're an egotistical know-all student of physics. This much less than one percent (miniscule fraction) of the population may find that this show just tells them what they have already learned and already know.<br /><br />Do watch this movie! - If you're one of the massive majority of people that fall into the greater than 99% of the population that does not study or already have a sound knowledge of the theories of physics including Relativity, Quantum, String and M-theory.<br /><br />What a brilliantly architected documentary. Starting with some helpful historical background you will be lead step by elegant step into a Universe of pure magic - and dimensions beyond. I have always had a huge appreciation of Mathematics. This movie can easily give you an insight into what an exquisitely beautiful language mathematics is without making you feel like you're about to fail the grade.<br /><br />The show is repetitive at times as the original format was a mini-series split over three shows. It therefore makes sense to give us polite little reminders of the principles being presented. I found this immensely helpful as it kept reminding me of the multitude of questions and possible answers that make up this amazing tapestry of our very existence.<br /><br />We are all (and everything around us) is vibrational-energy with a natural tendency towards harmony. This movie may blow your mind - or at least help you realize that the universe is far far bigger than that which we see around us (even with the Hubble Telescope) and far far smaller than the protons and neutrons within the atoms we learned about in high-school. M-theory holds many magnificent magnitudes of 'possibility'.<br /><br />It just seemed so appropriate that all of this elegance should by it's very nature move (by admission by the many brilliant scientists presenting) out of the realm of Science and into the realm of Philisophy.<br /><br />You do not have to be religious at all to feel like this movie brought you one step closer to God.<br /><br />Bravo Brian Greene. Well done indeed.<br /><br />P.S. If you're interested in feeling even more comfortable and at home in your place in the Universe and would like some more insight into the 'possibilities' Quantum mechanics blended with Spirituality (of all things) can bring then I highly recommend that you also watch ""What the Bleep!? - Down the Rabbit Hole"". Yes I know they make a few silly mistakes by suggesting a Shaman may not be able to see a boat if he hasn't seen one before (my eyes process light reflections just fine - I see things everyday that I've never seen before) and brain cells are cells in the body that actually don't divide. But if you can get over these little hurdles and put down the things you don't like and hang on to those that you do - there is a lot to like about this film.<br /><br />Then watch ""The Secret"" (2006 documentary about The Law of Attraction - search for IMDb title ""tt0846789""). This information just might change your life profoundly - forever. If you search deeper you might even find the Universe is talking to us with thought (if you'll listen) - and some are - and that is truly incredible. There is a modern day Jesus/Mohammad/Buddha (those, among others, that history suggests have communicated with the non-physical) alive today and she lives in Texas. I know some of you know what I'm talking about.<br /><br />I do not consider myself religious by any traditional definition but I have never felt more at home or as comfortable in the Universe as I do now.",1,0,0.6040474
"I didn't at all think of it this way, but my friend said the first thing he thought when he heard the title ""Midnight Cowboy"" was a gay porno. At that point, all I had known of it was the reference made to it in that ""Seinfeld"" episode with Jerry trying to get Kramer to Florida on that bus and Kramer's all sick and with a nosebleed.<br /><br />The movie was great, and surprisingly upbeat and not all pissy pretentious pessimistic like some movies I can't even remember because they're all crap.<br /><br />The plot basically consisted of a naive young cowboy Joe Buck going to New York trying to be a hustler (a male prostitute, basically), thinking it'll be easy pickings, only to hit the brick wall hard when a woman ends up hustling HIM, charging him for their sexual encounter.<br /><br />Then he meets Enrico Salvatore Rizzo, called ""Ratso"" by everyone and the cute gay guys who make fun of him all the time. You think of him as a scoundrel, but a lovable one (like Han Solo or Lando Calrissian) and surprisingly he and Joe become friends, and the movie is so sweet and heartwarming watching them being friendlier and such and such. Rizzo reveals himself to actually be a sad, pitiable man who's very sick, and very depressed and self-conscious, hates being called ""Ratso"" and wants to go to Florida, where he thinks life will be much better and all his problems resolved, and he'll learn to be a cook and be famous there.<br /><br />It's heartwarming watching Joe do all that he does to get them both down to Florida, along with many hilarious moments (like Ratso trying to steal food at that hippie party, and getting caught by the woman who says ""Gee, well, you know, it's free. You don't have to steal it."" and he says ""Well if it's free then I ain't stealin' it"", and that classic moment completely unscripted and unscheduled where Hoffman almost gets hit by that Taxi, and screams ""Hey, I'm walkin' here! I'm walkin' here!""), and the acting is so believable, you'd never believe Joe Buck would grow up to be the distinguished and respected actor Jon Voight, and Ratso Rizzo would grow up to be the legendary and beloved Dustin Hoffman. It's not the first time they've worked together in lead roles, but the chemistry is so thick and intense.<br /><br />Then there's the sad part that I believe is quite an overstatement to call it ""depressing"". Ratso Rizzo is falling apart all throughout the movie, can barely walk, barely eat, coughs a lot, is sick, and reaches a head-point on the bus on its way to Florida. He's hurting badly, and only miles away from Miami, he finally dies on the bus. The bus driver reassures everyone that nothing's wrong, and continues on. Sad, but not in the kind of way that'd make you go home and cry and mope around miserably as though you've just lost your dog of 13 years.<br /><br />All in all, great movie. And the soundtrack pretty much consists just of ""Everybody's Talking'"" played all throughout the movie at appropriate times. An odd move, but a great one, as the song is good and fits in with the tone of the movie perfectly. Go see it, it's great, go buy it",1,0,0.5160799
"For those deciding whether or not to watch this movie and are reading these comments for insight, I first offer these four words: Don't waste your time! ""Chungking Express"" was shoddily filmed, slapped together quickly and seems as though it were conceived in its entirety by someone standing in line at a Hong Kong Burger King. I can't remember ever watching a film with an assortment of such one-dimensional characters trying to work their way through a script this mundane! It's an absurd effort with philosophically ridiculous dialog (a man wanders into his flooded apartment and offers the stunning revelation that ""tears can be dried with a tissue, but water takes time to mop up""). The same character is also seen carrying on a deep, meaningful rapport with his towels, soap, stuffed animals, dirty laundry, etc. The shaky, wandering, hand-held camera-work was another annoying feature I could have done without. And if that isn't enough to make you puke in your popcorn, we hear the old 60's ode ""California Dreaming"" by the Mamas and Papas blaring over the soundtrack over and over again during a particularly lengthy sequence.<br /><br />Quentin Tarantino was responsible for bringing this loser to America through his Rolling Thunder Productions company, though I cannot for the life of me figure out why a man with his talent would bother. He was known to have remarked, ""I'm happy to love a movie this much."" A lot of us, though, hope he will concentrate on making his audiences happy with more worthwhile discoveries in the future.",0,1,0.54029644
"When I look for new cars, I expect not to be shown boats. When I drink fountain Coke, I should expect that the drink contains Coke. When I watch a movie that embellishes itself with the name of en excellent scientist, I expect that it is in some way relevant to that person or their work. This could have been people discussing my grannys' diary. The material covered is relevant only in that they vaguely tirade science. I fell asleep the first time I tried to watch it, & the second time I stopped watching it.<br /><br />I love science & documentaries. I would rather watch them over the latest blockbuster. However this falls far short of providing anything worth your time  Avoid at all costs.",0,1,0.5460753
"New Year's Day. The day after consuming a few too many vodka martinis and Cosmopolitans mixed with a bunch of bubbly at midnight, my wife and I discovered the local cable company is offering up the digital specialty channels for free for the month of January. We had a choice - do we make use of the freebie channels or do we start watching the eight seasons of X-Files on DVD that we received from our daughter for Christmas?<br /><br />We elected for the digital freebie since the DVDs are going nowhere and we need something like ten twelve-hour days to watch all the X-Files beginning to end. The Drive-In channel was offering a horror classic three movie marathon: Asylum (1972), House of the Damned (1996) and The Pit and the Pendulum (1961). Asylum is well-reviewed here and the Pit and the Pendulum was on too late for us to watch which meant we could really only be properly critical for House of the Damned.<br /><br />To be honest, we tried to be serious about the movie since its stars have reasonably good acting credentials - Greg Evigan (William Shatner's over-written Tekwars) and Alexandra Paul (the only Baywatch babe who could act although she has the body of a ten-year-old boy). Unfortunately, we soon dissolved to giggles, under the influence of a little hair-of-the-dog, as we each shouted out the names of movies from which this dog borrowed its scenes: Poltergeist, The Shining, Hell House, House On Haunted Hill, Ghost Busters!<br /><br />The acting, especially by Evigan's real-life daughter, wasn't too bad considering the silly script they had to work with. The CGI, for 1996, was hilarious - at its worst point in the final scene when it should have been the most horrific it was so bad my wife and I dissolved in laughter.<br /><br />Overall: Acting 4/5, Script 2/5, SFX 0/5",0,1,0.5859401
"""The Bank"" (1915, Chaplin) ""The Bank"" was one of Charlie's 1915 Essanay films. While these group of films are more watchable than their 1914 counterparts, this one seems a bit below average. The gag with the janitorial double combo-locked vault and the tough-luck ending that has Charlie waking up from a dream, in which he is stroking the lead lady's hair, only to be stroking the head of a mop he had used as a quasi pillow, are both classic Chaplin moments. They are both ironically the beginning and the end. The middle is filled in with fighting with the rival co-worker janitor and busting up a bank robbery to win the girl. The mop is probably the greatest physical prop of this movie and Charlie uses it to expert comedic effect whether while it is the intention of his character or not. The mop seems to be Charlie's alter-ego doing things he wishes he could do but wouldn't with his own two hands. Interesting stuff but there's better.",0,1,0.5253323
"It is now clear that the true golden age of American film was from the mid-60s until just before the release of Star Wars. Before then, there was too much Hays Code-constricted pap. With Star Wars, the green light was lit for most films to be directed at children and morons, a practice which continues to this day. THE SEVEN-UPS, truth be told, contains a couple hackneyed lines of dialogue -- ""We can do this the easy way, or we can do it the hard way"" is one -- but I'm damned if I can find anything else wrong with it. (In fact, that line may not even have been stale when this film was made.) THE SEVEN-UPS demonstrates all that was right with the best films of the golden age: sparse dialogue, realistic acting, real locations (winter in a dirty New York has never looked better/worse), propulsive stories, and, yes, the best car chase ever filmed. Bill Hickman is the driver Scheider is chasing (you will recognize him from Bullitt), and the structure of the chase is fairly similar to the McQueen one, but I prefer Scheider's facial intensity here, the pacing, the terrific close-ups of the schoolchildren, and the shattering conclusion. (That VW bug going about 2 mph always bothers me in the Bullitt chase.) A stringy, screechy score by Don Ellis sets the perfect mood. THE SEVEN UPS: bleak, grim, action-oriented, grown-up. This is a film that couldn't be made today; there's no ""gimmick"" for the kiddies or preposterous ending. Thank you, Philip D'Antoni, Roy Scheider and Tony Lo Bianco: for as long as cop films are watched, THE SEVEN-UPS and its 1970s brethren (e.g., THE FRENCH CONNECTION), will set the standard.",1,0,0.62577784
"Found a copy in a bargain bin sale of this old time classic. I played it with dosbox on a vista machine without any issues. It's graphically dated heavily, but what do you expect for a 12 year old game! The game is a FPS/Adventure game hybrid. It's what I call pseudo 3D, you can't look up or down, just spin in 360 (think Wolf3D). Game play can get tricky with a very limited supply of health pots, and a somewhat average interface (Tip: Press I), but on the whole it's passable.<br /><br />One main strength of the game is the mood. There game heavily uses full motion video, and whilst the acting is b-grade and the plot is very choppy, the game as a whole feels genuinely creepy. It also does a good job of making you question the 'good guys'. Are they really helping, or are they just waiting to stab you in the back? The other major selling point is the games length. There are from memory 18 chapters, which range in game play time from 10minutes to, potentially, hours. My first play through took me a week with some serious devotion of time.<br /><br />Dated, yes, but if you missed this years ago and can find it for $5, give it a look. Cheaper than a movie, and more entertaining than most movies.",1,0,0.58687896
"World War I gets a glossy, sepia-tinted makeover in Jean-Pierre Jeunet's relentlessly whimsical ""A Very Long Engagement"". Jeunet's trademark style consists of mechanical, almost clockwork-like narrative construction garnished with lavish, chocolate box production values and seasoned with faux-naive humour. It's an approach that worked pretty well with his previous picture, the romantic fantasy ""Amelie"", thanks in no small part to the inimitable contribution of Audrey Tatou in the title role. Applied to vastly more sombre material, Jeunet's method backfires rather badly.<br /><br />Tatou crops up again here in a variation on the same sort of sweetly off-beat character as Amelie. She's Mathilde, an orphan who lives quietly with her aunt and uncle in an idyllic rural setting, determined to trace what became of her child sweetheart Manech (Gaspard Ulliel), several years after he went missing in the War. Manech was one of five soldiers court-martialled for self-mutilation in 1917 at 'Bingo Crepuscule', and sent over the top into no-man's-land as a punishment. He's presumed dead by all but Mathilde who cherishes the hope of finding him. The film follows Mathilde's dogged quest to find out what really happened, and as she delves deeper she uncovers a sad, even shocking story of high-ranking corruption and inhumanity. Mathilde must filter the facts from the fictions that arise from various conflicting, overlapping or incomplete accounts of what seem to be Manech's final hours.<br /><br />All this should be poignant and gripping, but it's more often simply confusing thanks to the visual and verbal clutter with which Jeunet pummels his audience. There's simply too much going on at any one time, including an intrusive narration that adds precisely nothing to our appreciation of the story and characters. Without a moment's respite from informational overload, I felt denied the space to reflect on Mathilde's quest or the room to engage with it on my own terms. Jeunet's unceasingly busy camera spirals and swoops and circles, caressing every surface contour of his exquisitely designed production, but it singularly fails to penetrate to the soul beneath the story's skin. The result is deeply uninvolving, and worse, grotesque. The First World War was a particularly dark hour in human history. Imagine it re-created as one of those picturesque commercials for a well known Belgian lager, and you have the measure of this film.",0,1,0.6708282
Saw this movie at the Rotterdam IFF. You may question some decisions of the maker - like choosing a mockumentary form for such a sensitive and horrible subject - but this movie sure hits you in the gut. Especially the last scenes were almost painful to watch. Hope it gets the distribution it deserves.,1,0,0.5623608
"not to long after Jeff Jarrett left the WWF for good he spoke of that night . Owen Hart and him where good friends and both 2nd generation wrestlers. Jeff first remarks ""I was literally pushed thru the curtain as my lifeless friends body was wheeled past me "" . Debra McMichael( Steve Austin's Ex wife as well as Steve Mondo McMichael Ex wife"".) <br /><br />As Owen Hart Fell, a video promo the ring was darkened, as a Blue Blazer (owen Hart Promo was played. The fall and video of owen in the ring was never showed on TV. There are a few news photos that got posted. When they came back from the video promo Jim ross was talking over a all we had was a crowd shot \., He stated that Owen Hart as The blue blazer has fallen and doesn't look good. Lawler then came back from the ring his face was ashen he told Jim that the situation was very critical paramedics where working hard to revive him. Rock And HHH where going there match in a private room when another Referee came in and told them Owen fell at first,knowing Owen Harts constantly being a prankster they thought it wasn't real. But both later stated that the look of the referee face said it all. In fact as he fell ,as mentioned in other post , he yelled for the referee and ring announcer to move. <br /><br />Brother Bret hart was a plane heading to LA to do a angle on the Tonight Show , he couldn't get any of the plane phones to work, One of the captains got a message to call home something had happened. When he landed in La Eric bishoff was there told him what had happened, and put him on a charter flight to Kansas City to the morgue, Bret even later with Owens widow Martha went up to the top of the arena where Owen was standing. Police found no foul play formerly closed as a accident .<br /><br />Most of the Information in Bret Harts book as well as the book by Martha Hart ,",0,1,0.50915414
"After 7 years of watching that dreadful nonsense called Star Trek Voyager I was feeling pretty numb. Next Gen and DS9 were bloody good stuff and Voyager ruined TV Trek. This opened with probably the best pilot to a Trek show. The crew were really good as were the choice of actors for the parts. Scott Bakula played a typical first time captain in deep space and his unpolished way of doing things was a refreshing change to the already know everything captains from before. The rest of the crew were really likable in their roles and I think they got off to a good first season. When the show was prematurely canceled I was really disappointed. In A Mirror Darkly showed us what the cast were capable of. Pity a film or TV movie was never considered. So much back story and founding of the federation left to tell, including the onset of hostilities with the Klingons..........",1,0,0.52246344
"Sorry to disagree with you, but I found the DKC series to be quite engaging. So much so that I invested in the SNES system and my own copies of the games. This is, mind you, almost ten years after the initial release of DKC 1. The graphics were ground-breaking for their time, the first vector graphics games for home systems. The music and characters are all memorable, and the games brought myself and my girlfriend dozens of hours of entertainment. True, the second game was better than the first, and the third was perhaps lacking the 'edge' of the second installment. But all three offered different play, and I enjoy them to this day. By the way, I'm old enough to remember when there were NO video games whatsoever (and TVs were black and white!).",0,1,0.66757816
"""The Ballad of the Sad Café"" worked hard at its image, but when it came down to crunch-time, it was left standing in its own self-created dust.<br /><br />One cannot image saying this out loud, but if Vanessa Redgrave's Amelia were to fight John Wayne or even Clint Eastwood, my hard-earned dollars would have to go to Redgrave. Her portrayal of Amelia was as close to perfection and consumed with more detailed dedication than most actors are willing to give to any multi-million dollar contracted persona. Redgrave gave Amelia this soulful drawl that was a blend of her own unique voice and a hard-earned woman from the south. To the average viewer, this could be construed as annoying, but as the film progressed it became her  Miss Amelia transforming this stage beauty into a roughneck. It was Redgrave's performance, as well as her interaction with the other characters, that made this film stand tall  but not the tallest. The others following her performance were needed, but not stellar. As we moved past the murky cliché image passed on by every set designer hired for the post-Depression South job, the minor characters felt like poster board. The image was needed to set the scene, but the characters of the town had no other purpose. Take for example Rod Steiger's vision of some old, wild spoken preacher. His scenes alone will make any viewer question the validity of this off-the-beaten-path town. The main two players who surrounded Amelia battled with charm for the admirable top scene-stealing moment, but due to the lacking direction  it just seemed faded. The most absurd of the two (albeit both rank high among the questionable sanity line) is Cork Hubbard who plays Amelia's ""cousin"" who shows up randomly one night. His character is never quite defined, he lacks true motive, and his loyalties remain uncertain. He plays no vital role in this film outside of forcing us, the viewers, to question his sanity and honesty. Can you create a character simply by sticking out your tongue, flicking your ears, and punching your chest and head? Finally, there is the other end of the absurd  Keith Carradine. Callow's close-ups of this tormented man build character, but our lack of understanding between him and Amelia causes his purpose to flounder. These were the characters, as cliché Southern as they were  some stood forward and attempted to create an absurdist period piece, and I cannot argue that they failed.<br /><br />Where ""Ballad of the Sad Café"" failed to rise above mediocrity was in the cinematography and narrative. This film was about Amelia, and her need for other souls in her life. The audience's level of comfort with the arrival of her midget cousin was entertaining  one couldn't help but wonder if he was honest or merely a confidence man attempt to leech off a warm heart. Cork Hubbard's character is never quite understood, but we do accept him with brief shots of him and Amelia doing small things together. It is his idea that transforms from a recluse businesswoman to a bona-fide café owner. The problem is that director Callow never quite takes us to that dramatic take level between Cork and Redgrave  is the man crazy or does he represent all of Amelia's family? I needed something from Callow that brought these two out of the David Lynch-esquire relationship that they had. Then our pool gets even deeper with the addition of Carradine as Amelia's ""love interest"". Using the technique of a flashback within a flashback, we see the two wed, but never consummate their love  which Amelia's anger against their love drawing him into the world of madness. Why was Amelia so angry? Why was there no connection between Carradine and Redgrave? Why was this even in the film? With the lack of focus towards these characters's connection, the eventual scenes between the two made no sense  throw in Cork's choice and it just gets completely discombobulated. While there were a few beautiful choreographed scenes that Callow created, the inability to transfer his characters from point A to point B. I lost focus, interest, and my care for the characters plummeted when I didn't understand the ultimate question  ""why""? <br /><br />Overall, ""The Ballad of the Sad Café"" began with a bang, but ended with a very small crack of a firecracker. My emotional feel of this film swung up and down, up and down, and eventually stayed further down mainly due to the lack of understanding of the motives of the characters. Redgrave did a phenomenal job as Amelia, and while the other characters (outside of the random Steiger) tried their best, I just didn't quite understand who they were. Their motives were so muddled that when the emotional ending finally occurred, I was apathetic. Director Callow seemed to have been lacking importing connecting scenes that would allow us to understand the dynamic relationship between all of our main players. Callow created some beautiful scenes where faces seemed to overlap the scenery, which allowed us to focus on Amelia  or Carradine, but nothing was explained or developed. The film played out with anger, discover, happiness, flashback, anger, anger, anger, fade out. Without the comparative connectors, this transformed from distinguished period film to actors playing parts in front of camera. It was a shame, because ""Sad Café"" had the promise, it just couldn't deliver.<br /><br />Grade: ** ½ out of *****",0,1,0.662378
"This review has been written by someone who has read it (several times) and knows what they are talking about!. Firstly I have read others comments and noticed that some of the objections were really quite stupid. People who have read the book and other Jane Austens or for that matter any good book, will know that sticking to the book is vital you have to trust an author with what they do. If the viewer does not like it BECAUSE it sticks to the book well it shows they do not understand Jane Austen and obviously are not a true fan.<br /><br />Firstly if the viewer truly loved the book or Jane Austen in general, watching it for four hours should not prove difficult. Secondly, their society did care a lot for looks and so big, fancy hair styles would show off how rich you were, which in their day was a key factor for getting along in ""good"" society. I have to confess the female costumes were not brilliant but there were only a few bad ones and the males made up for it, also this prejudice for the Naval men not in their uniform is in nice words very silly!, today people do not go out with their uniform away from school or work because they have casual clothes and it was just the same in the 19th century. Also as it goes the acting is very good, it is subtle because that is how Jayne Austen writes! and the scene at the end is beautiful. You can not compare the filming to that of the 1995 version as technology has improved so much since them it is ridiculous to compare them in that. The actress who plays Ann is too old but her air of acting and how she does it makes up for it.<br /><br />People seem to prefer the 1995 version for some reason that I can not comprehend!. It does not stick to the book at all and so is flat, the ending is sentimental, they change major scenes, the only good actors are the leads and they I give you did a good job for what was given to them. Obviously the people who really, really like it are (I am sorry) stupid as they do not understand Persuasion and so need it to be overdone. The 1971 version is beautiful, romantic, was written by an excellent script writer (same who did Inspector Morse), had very good actors and really it is a film you can watch many times and during each you can be delighted with it.",1,0,0.5683372
"Drew Barrymore is an actress that has gone through bad periods, not only in her career, but in her personal life too. After being a prodigy child actress she descended into obscurity with mediocre films of low quality. While she has recovered from that dark past, this movie stays as a reminder of Drew Barrymore's worst days.<br /><br />The movie starts with an interesting premise, very reminiscent to Brian De Palma's ""Raising Cain""; with a plot dealing with multiple personality disorder that sets the story for a horror/thriller. Barrymore stars as Holly Gooding, a young woman who is trying to make a new life in California after a traumatic event of her past in which apparently her other personality killed her mother.<br /><br />Suddenly, her past returns to haunt her as her evil personality is back in her life willing to ruin her new found peace and her new found love. In the middle of the chaos his new boyfriend, Patrick Highsmith (George Newbern), will try to help Holly to face the demons of her past.<br /><br />Unlike De Palma's underrated thriller, ""Doppelganger"" is for the most part a mediocre film that not only never fulfills it's purpose, it also concludes in one of the worst endings of movie history. While Barrymore is definitely not at her best, she manages to keep her dignity with an above average performance. The rest of the cast however range from mediocre to painfully bad over-the-top performances, although Leslie Hope manages to be among the best of them.<br /><br />The script is full of clichés and De Palma's influence is quite obvious. While the movie tries to be original by making literary references in almost every line, the dialogs are dull and the wooden acting certainly doesn't do any good. It has a fair share of nudity and for strange reasons, and excessive use of special effects.<br /><br />The make-up effects are done by the outstanding KNB and are really among the few good things in the movie. However, the bizarre over-use of the effects in the totally out of context ending decreases the impact of KNB's work and makes cheesy what in a different movie would be amazing.<br /><br />The fact that this is a B-Movie is no excuse for it's low quality, as with a better and more coherent script this could had been an interesting movie. Sadly, all we have here is a mediocre film that gets worse every second. Worthy for Barrymore's beauty. 3/10",0,1,0.5235437
"Like most other people, I saw this movie on ""Mystery Science Theater 3000."" Although it received some well-deserved barbs, it's one of the better films to be featured on that show.<br /><br />The premise is better than even your average Hollywood blockbuster these days; it poses some interesting moral dilemmas. Although the score is sometimes obtrusive, it also provides a few lovely moments when Richard is walking by the river. Watching the movie, you can see where a lot of plot developments probably looked very good on paper. Richard's discomfort in modern society is an interesting problem to ponder, and the ending probably would have been a nice '70s-style mindfuck if the preceding affairs hadn't been so goofy.<br /><br />Unfortunately, the movie is visibly cheap, making the flaws all the more obvious. The ""clone farm"" is very obviously a college campus, and a beer can serves as a major plot point. Lena and Richard have zero chemistry -- we are supposed to believe this is a meeting of kindred minds, but there doesn't seem to be a brain cell between them. The ""cranky old couple"" schtick also gets real old, real fast. There are also some mistakes that can be blamed on bad directorial choices, such as the decision to hold a climactic conversation out of reach of any audio equipment whatsoever.<br /><br />In all, a noble effort, but is nonetheless best viewed on MST3K.",0,1,0.5988123
"I saw The Greek Tycoon when it first came out in 1978. I found it extremely boring. I thought it was no better than a travelogue except for one thing: For the first time in my life I realized why it would be good to be rich. Seeing the scenery off Aristotle Onassis' yacht and getting my first real peek into the lifestyle of the rich and famous opened my eyes. To paraphrase Martha Stewart: It was a good thing. Funny, I don't remember the sex scene. I hadn't seen the movie since it was on the big screen and found the lovemaking session with the mistress memorable this time. Maybe because I was younger and single back then, it was no big deal.",0,1,0.5980461
"...dont read any plot summaries because in words the plot might seem trivial, brain-dead and pointless. The film is excellent, the acting by both Denzel and Dakota (she will go sky high, trust me on that)are just fabulous, and the plot is mind blowing. Actually ""fabulous"" is a small word to use for such talented actors. The film is just based on actual facts and some characters are not fictional, a fact that adds up to the shock that i was having during and after the film. If you are fond of both actors and of somewhat deranged films, you still haven't watched your favorite one yet...Trust me, in the end you will have a weird and inexplicable feeling. The film is awesome, see it, rent it, buy it or whatever...just don't miss it",1,0,0.5181354
"Chaplin stars in a dual role as a jewish barber who, with amnesia, is mistaken for the dictator Adenoid Hynkel, (i.e Hitler) A movie made in 1940 when the war was in its dark days and was in no way won by the allies..it was banned in Germany by Hitler and was a risk in a way for Chaplin because if the war was lost, he surely wouldve been sent away to be ""reeducated""<br /><br />A funny satire with the classic scene of Hitler tossing around a giant balloon of the world..good fun but with a message..a little preachy in the end. This was the last movie with Chaplin's trademark little mustache. on a scale of one to ten..9",1,0,0.5996935
"Fascinating look behind the scenes about how a really good movie CAN get made if the producers, director, & cast simply ""refuse to quit."" These guys encountered serious obstacles throughout the two years of the project (miniscule budget, trouble with the script and with the script writer) so the finished product wasn't what was first envisioned, but probably turned out to be more interesting than the movie they set out to make, which goes to show that the punk mentality of ""just do it"" ...with or without any backing, money, or help...figure it out on the fly and do what you want to do. I really liked this documentary movie and know that viewers will see and learn things they didn't know before. This movie is truly ""one of a kind...it's hard to classify because it has pieces of ""sci fi"" and ""suspense"" and also ""how to make a movie."" It tells the truth about how films get made, what can go wrong, and how to overcome. I especially liked the music written by Ed Ivey. These guys know how to produce a good movie on a shoe string because they're creative and know how to build props, dollys, staging, lighting with what they can scavenge up...pretty amazing stuff.",1,0,0.5857856
"I was eager to see ""Mr. Fix It"" because I'm a huge David Boreanaz fan. What I got, though, was a 1-1/2 hour nap. The premise seemed enjoyable: Boreanaz is Lance Valenteen, proprietor of a business called ""Mr. Fix It"", where dumped men enlist his help to get their girlfriends to take them back.<br /><br />Among the problems with this movie are the editing, script, and acting. Although I've found Boreanaz delightful in his other film roles (with the exception of that ""Crow"" movie he did), this was disappointing. At times, his character was interesting and others, flat. The supporting cast reminded me of soap opera day players. I realize it wasn't a big-budget film, but some of the scene cuts and music just didn't seem right.<br /><br />My advice: watch at your own risk.",0,1,0.5281931
"I was recommended this film as one of the best love stories ever told. And as I am huge fan of love, I bought the tickets and sat myself in the theatre. After 90 minutes I left the theatre with nothing but disappointment and the theme song as the only positive thing of the film. I was appalled at the story itself, that two people can love each other but be so afraid as to never act it. I just couldn't go passed the language barrier and the cultural barrier. The second time I ran into it... I was in a different mood, no longer had any expectation ... and had more patience, more relaxed mind to ""see"" the film... and as soon as I opened my eyes, I discovered the love... the beauty of the film. I went beyond the language and the love story and saw the acting (not even for a moment did I ever felt like they were acting!) and the cinematography. The first time I heard a definition of what a film is, I was told that it should be a chain of perfectly balanced photographs (shots) and this is the film to match the description. Almost every shot has an idea behind it, and combined with the music... and the light effects... the result is just a masterpiece! And a masterpiece is just something that you must have in your collection of films.",1,0,0.53779703
"A lot of people unfairly sh!t on this series but several of the Guinea Pig videos are fairly entertaining. Devil's Experiment in particular has some really fantastic effects work--not just the infamous eyeball scene but also a very realistic skin slice on the foot and a hand breaking with a sledgehammer are very realistic--especially for the video's vintage and low-budget.<br /><br />Let me start at the beginning now for those who don't know: This film is an ""extreme"" torture/fake snuff film that surfaced in Japan in the mid-80s. It's plot as it stands is simple: A young girl is held by a few men and forced to undergo a series of brutal tortures to see where her breaking point is. This entails brutal violence--all effectively realistic effects including the ones mentioned in the last paragraph as well as a painful looking application of hot oil to the captive girl's arm and placing of maggots in the subsequent flaky wound.<br /><br />The least effective sequences are at the very beginning of the video and consist of an unconvincing slap session where three men take turns slapping the hell out of the girl as her head falls about and a second sequence where the three men take turns kicking the girl and pushing her to the ground. These two scenes are obviously staged and detract from the realism of the rest of the proceedings.<br /><br />The actress who plays the victim of the ""experiment"" is pretty convincing at being in pain and takes a good amount of abuse and rough stuff on camera. Her reactions as she has headphones strapped to her head and loud noises are played for hours on end are chilling. Some of the other abuse she takes is being strung up in a net from a tree during the only times she is given a rest. Also there is a disturbing scene where the giggling captors through guts at her and one other disgustingly sleazy scene where she is spun in an office chair and forced to drink a bottle of Jack Daniels till she pukes.<br /><br />If you haven't seen this series I hope I have helped you decide whether or not you want to give this episode a shot. 8.5/10 for Devil's Experiment.",1,0,0.5932074
"Even if it's not labeled as a Slasher flick, it has all the elements. The fact that slashers are well known for it's low budget, lame plot, cheesy effects, and everything you may add, it doesn't means that there can't be good slasher movies. ""Opera"" fills the description. Even though it's part of Italian giallo; which is far from being a slasher sub-genre.<br /><br />Dario Argento proves that he deserves the label of one of the best directors in Horror. ""Opera"" is one of the most stylish Horror movies from the past 30 years. Though the movie takes place in a beautiful, shinning place; the situations and gore turns it to be one of the scariest places ever used in a Horror movie. <br /><br />I think of ""Opera"" as a stylish Slasher although there's in depth plot and character development. The cheese factor often used in most Slasher flicks is not present here but in exchange we got a suspenseful, visually stunning gore tale. The movie's plot is simple (as in every Slasher). There's a psycho in the opera that is somewhat obsessed with the lead actress/singer and forces her to watch gruesome deaths. The death scenes are extremely gruesome and are the best thing about the movie. The infamous ""peep-hole"" death scene is the highlight of the movie in my opinion. It's a terrific death scene that none other than Argento could release. The knife through the neck (and mouth) is another gruesome scene but less violent than the scissors death. The gore in ""Opera"" will please the wicked and lovers of violence.<br /><br />What I didn't like about the movie is the lack of coherence or logic. I mean, after watching the first death, the lead female, calmed as if nothing happened gets a ride home and doesn't makes much of a big deal about what she saw. Also, she's left alone in home and doesn't take security measures. Still, the suspense in the movie makes you forget the lack of logic. Argento knows how to create tension and how to scare the subconscious. For example, when Betty's friend tells her that someone was watching her from outside she freaks out and sets suspense in case that something happens. <br /><br />The direction of the movie is great. For an Italian giallo it's excellent. Argento's creative POV shots are impressive. The ravens also added a creepy feeling to the movie. Argento add his unique spice. <br /><br />""Opera"" is one of the most underrated but popular through the Horror community for these reasons, in my opinion: -the peep-hole death scene (brilliant) -the ravens attack in the end -the opera setting -the knife through the neck and mouth -the heavy metal score combined with Opera music (this music never freaked me out before) -the killer's ferocity<br /><br />The only thing I don't like about ""Opera"" is the heavy metal songs used in death scenes. It's OK to disturb the audience but I think that the Opera music could've added a creepier feeling. Still, the ""shocking"" use of heavy metal is a singular disturbing aspect in the movie.<br /><br />Watch ""Opera"" even if you don't like gore. There's a lot of suspense and tension that could scare the most skeptical person. This is no ""Suspiria"" but it deserves to be among Argento's finest.",1,0,0.5411012
"""Ahh...I didn't order no amazing hit show"".....""We'll you got one"" Hack is simply the greatest television show ever made. A little bit of me died when I flicked on the t.v. one Friday night to catch a little Hack and it wasn't on. The show dug deep into key social issues of our culture. I found that at the end of any episode I watched; I walked away having been both entertained and informed. I am actually dumber now that Hack is gone. I no longer want to help the needy and less fortunate. Since Hack has been gone I see them as eyesore's and an unneeded strain on taxpayers. So for the love of God we need to bring back Hack!",1,0,0.60572046
"When this film opened back in 1976, legend has that it was met with massive jeering and disdain --- it was widely considered a failure. I vividly remember Ebert giving it one star and it was supposedly booed at Cannes.<br /><br />Apparently these people didn't understand the movie, which is not that hard to comprehend since it's very esoteric, dark, and layered in ways that still astound me. Reading through many of the reviews here I find (even after about 7-8 viewings over the years) many elements of the film I had previously glossed over. But even without understanding much the psychological underpinnings of the story, it's still a cracking suspenser...even if you just take the escalating paranoia and persecution that overtakes Polanski's title character like a tsunami wave over the course of it's two hour running time.<br /><br />Examining the source material --- an excellent novella by underrated novelist Roland Topor --- uncovers more intriguing layers. Polanski's Trekovsky is a milquetoast of the highest order. Though he seems at first to be yet another mild everyday soul, one gradually realizes he is one of those people who seems to aimlessly drift through life, letting it direct him. He seems to have few strong feelings about his likes and dislikes. He finds himself gently pushed this way and that, but never seems to get too bent out of shape regardless. This vague sort of wishy-washy-ness is more noticeable in the novel than the movie, but there are hints of it early in the film too.<br /><br />Making a play for the apartment of a woman, one Mademouiselle Choule, who is in the hospital recovering from a recent suicide attempt, appears to be the most daring thing he has attempted (even effectively haggling down the price of the deposit in the bargain). He soon finds, however, that he is paying for his ""good thing"" in more ways than he cares, as he finds himself in the center of maelstrom created by a building full of neurotic, control freaks who are hypersensitive to even the slightest sign of human life, such as a footstep in the night or a knock on the door.<br /><br />Instead of taking a stand though, Trelkovsky becomes increasingly alienated by the situation, and overtaken by paranoia and a sense of persecution. He becomes obsessed with Choule, imagining himself to be like her, dressing like her, etc. as his own personality rapidly begins to be wiped away by his own insanity.<br /><br />If anyone has ever doubted Polanski's fearlessness as an artist, they'd be well-advised to see this film. His trademark black humor is prominently (and sometimes embarrassingly) on display here and --- god bless him --- he makes himself the butt of it. It's a tour de force performance in one of the richest, riskiest, most Gothic horror movies ever made. That more people haven't seen it is a true crime.",1,0,0.63557374
"'A New Generation' is the third Amityville entry to base its plot around writer John G. Jones's premise of an item taken from the Long Island house that causes spectral misery and death for its new owners. First a lamp, then a clock, and now a mirror. However, this is also the first Amityville since 'The Possession' to directly tie in to the real- life events that started the whole series. This time around, Keyes Terry (Robert Partridge), an artist, is given a macabre-looking mirror by a homeless man one day. Soon enough, people around him start to die, eventually leading to his discovery that the mirror once hung in the Amityville house - indeed on the very night a man named Franklin Bronner (Sonny Montelli in 'Amityville II') murdered his entire family. Unfortunately for Terry, his discovery of the mirror isn't entirely coincidental, and he soon learns the truth about his past a truth he's kept buried since childhood.<br /><br />This 7th installment in the often worn-out franchise is something of a disappointment for me. Things were starting to pick up with the silly and uneven, yet entertaining 'It's About Time', and given how much this film tries to draw upon its roots - not the first episode, but the source material itself - it should have been better than it was. <br /><br />However, three trips to the same well with yet another evil artifact from the Amityville house with yet another explanation for the malign paranormal visitations is wearing on me, to say the least. One of the biggest weaknesses of the Amityville franchise is the steadfast determination by each set of producers to completely ignore every other episode in the series. On the one hand, it's perfectly reasonable that they don't want to be tied to someone else's continuity, but at the very least, they could maybe acknowledge story lines that have already been done and just possibly *not repeat them over and over again*.<br /><br />There's also something rather plodding about the way in which the story unfolds, doubtless due to the inevitability this repetition-fest brings. Since you already know what's going to happen, the carefully-paced build-up is simply slow and tedious. Or maybe it's just tedious anyway. Director John Murlowski probably could have done more to heighten the tense atmosphere associated with the mirror rather than simply having it flash red and emit chattering 'evil' voices, which lacks any kind of subtlety. There were times when characters seemed fairly unfazed by its otherworldly qualities. If they don't take it too seriously, why should we?<br /><br />Which is a shame, because 'A New Generation' has a more-than-capable cast. I was going to hold off on watching this until I saw the name 'Julia Nickson' in the credits. She captivated my attention just as she always does, and if anything, I was annoyed her part wasn't more extensive. Terry O'Quinn was equally charismatic and again, underused. Partridge himself in the lead role clearly fits the early 90s over-coiffed lumberjack-shirted square-jawed hero type, and while I'm not sure he really gave it the gravitas needed, it's not as if anyone here is performing Ibsen.<br /><br />The sets are also worthy of note, from the dramatic artwork filling Suki's room, to the claustrophobic corridors featured in flashback/supernatural sequences. Getting the look of these right is especially important given how certain sequences are repeated throughout the film to simulated fragmented memories. Clearly, Murlowski is more of a visual director rather than either an actor's director or one of horror. Unfortunately, it is meant to be a horror film, after all.<br /><br />'A New Generation' sees the same race being run for the third time in 4 years. Add to this the lack of direction where it was really needed and the whole effort fails to stand as tall as it should. However, it should be acknowledged for its strong ties with the source material and some good actors in not necessarily their finest hours. Honestly, the ideal person for this is someone who hasn't seen any of the sequels past 'The Possession', for whom the story won't be such a massive deja-vu trip.",0,1,0.5778941
"I have read the novel Reaper of Ben Mezrich a fews years ago and last night I accidentally came to see this adaption.<br /><br />Although it's been years since I read the story the first time, the differences between the novel and the movie are humongous. Very important elements, which made the whole thing plausible are just written out or changed to bad.<br /><br />If the plot sounds interesting to you: go and get the novel. Its much, much, much better.<br /><br />Still 4 out of 10 since it was hard to stop watching because of the great basic plot by Ben Mezrich.",0,1,0.5086186
"Yes, I spelled that right. This movie is so predictable, the actual word needs additional letters to exemplify the predictability. From the moment the principal characters and situation are introduced, it is paint-by-numbers as to where this plot will take us. The foreshadowing was as subtle as a two ton sledgehammer. You could take numerous pieces of dialogue and anticipate the role it would play in the ending.<br /><br />Catherine Zeta-Jones and Aaron Eckhardt did decent jobs in undemanding roles and Abigail Breslin played the cute role admirably. It's just that the movie brought absolutely nothing new to the romantic comedy genre. The romance was tepid and the laughs were weak and few. Sure, it's an OK movie if you have nothing to watch, but you won't miss anything by missing this one.",0,1,0.6129135
"There was a time when Michael Jackson was revered as the King of Pop. Then came a time when he attracted negative publicity as much as lemonade attracts wasps. Finally, it is now the time that we feel truly sorry for this man.<br /><br />This 'movie' is another reason to. I promised a rabid Michael Jackson fan to watch it with her. You know the type of fan -- someone who tells him- or herself to like everything the object of affection ever did. While watching this movie, which she had seen twice already, I realized how far this fandom goes. Probably far enough to rate this movie above a 1/10, as some people miraculously did.<br /><br />The movie attempts to be a parody of many other movies and series, most notably Cast Away, Lost and Jurassic Park. Unfortunately, it fails miserably at any level. The acting does not save the absolutely horrible story, the filming has the quality of a too-often played video tape, the special effects were better executed in Be Kind Rewind (for those who do not now this movie: with aluminum foil)... All this would be funny if the movie managed to be, well, funny. Unfortunately, it is not. It hurts to watch this.<br /><br />And then there is Michael Jacksons appearance in this garbage. He appears on a projection screen to deliver an important message, and manages to come across as mobile as Jabba the Hutt and as serious as a 4-year old. Just when I thought ""who is the terrible person that lured this poor man into participating in this movie and yet again making a total fool of himself"", I (finally) reached the ending credits and discovered that the movie was actually partially shot at Jackson's Neverland ranch. In other words: He. Likes. It.<br /><br />This movie, and Jackson's involvement in it, is truly disturbing. Do not watch it even for the ""haha, a movie in the IMDb Bottom 100"" effect. Or be warned.",0,1,0.6233376
"First off, anyone who thinks this sequel to William Friedkin's ""The French Connection"", is superior is most definitely completely insane or moronic or both. The problem with reviewing this film is that, a.) it's a sequel to a brilliant movie, which always makes watching it objectively difficult, and b.) it's directed by John Frankenhimer, one of the best American directors ever, so I wanted to like it. William Friendkin was the perfect person to direct a film about drug traffic in decaying new York city, because of his documentary-like approach to the action and story, Frankenhimer on the other hand is one of the most stylish directors ever, i.e. ""The Manchurian Candidate"" and ""Seconds"", and with his ""French Connection 2"" it feels like someone trying to be gritty and not having the true understanding to pull it off. That fact that Frankenhimer was chosen to direct the sequel by Gene Hackman himself really tells a lot about Hackman's understanding about the original film too. It's well known Hackman hated Friedkin on the set and vowed to never work with him again, it's also known he envisioned the character to be more one dimensional, loosing weight and trying to play him like a straight character. it shows you Hackman, despite being a great actor, had no idea who to make the movie and the story great. The plot point of Doyle becoming an addict is interesting, but doesn't warrant the rest of the film. An unfortunate low point in Frankenhimer's filmography.",0,1,0.5813079
"TROMEO & JULIET - 10TH ANNIVERSARY EDITION<br /><br />William Shakespeare's play Romeo & Juliet has been interpreted hundreds of times on stage and in films. Sometimes literally following the original text (which is, at times, vague in stage directions), sometimes in new interpretations where directors chose to show their own view on the piece. Some are good, many are mediocre. Lloyd Kaufman's film certainly stands out as one of the most original, modern versions of the bard's creation, It may be placed in a modern-day decaying New York and full of the modern-day anti-social behavior, body piercing, dismemberment and kinky sex (which, for the more than casual reader, Shakespeare himself wasn't shying away from), but at the same time it stays incredibly close to the overall feel and point of what the play is all about, which is quite an effort. Kaufman wrote the script with his co-director on the film James Gunn, who is now famous for writing two successful Scooby Doo movies, doing the impossible by making a perfect remake of an already perfect film with his script for Dawn of the Dead and directing one of the best horror-films of the year: Slither. Lloyd Kaufmans innovative directorial view alongside with James Gunns original and unrestricted writing make for an interpretation of Shakespeare's play that maybe not everyone will ""get"" immediately, but will certainly be recognized by a truly unique and highly important view on a classic play. With a script that is written entirely in iambic meter, appearances of Motorhead's Lemmy and an outrageous forceful soundtrack watching Tromeo & Juliet is something no one will ever forget. Apart from it's historical significance, Tromeo & Juliet is a treasure for film-lovers of all kind. Not only for the script by James Gunn, now a good influence on Hollywood while working from the inside, but also because it features an early part of legendary actress Debbie Rochon. Well known by everyone familiar with films that are made on lower budgets. The 10th anniversary edition on DVD adds to all that by including so many as-yet undiscovered gems that not only all the information one could wish for about the film itself and the experience of making it is presented in ways that make it impossible to turn off the DVD, but also a very honest (and disturbing) look is given into the ways independent cinema has to surviver these days. In many ways the extra's on the disc are an invaluable addition to the already impressive amount given on Kaufman's film-school ""Make Your Own Damn Movie"". Furtermore historical items from the Troma vaults which include James Gunn, Debbie Rochon and all other contributors to this masterpiece are included, and the film itself is, apart from looking better then ever, accompanied by no less than four audio-commentaries, each and everyone informative, excruciatingly funny and all done for serious addition to the film instead of the boring and nonsensical commentaries that are so common these days. There are new commentaries (one with Kaufman and Gunn together), but also the one James Gunn did for the original release of the DVD but couldn't be included there for some of honesty he displays about some other people is present on this disc. With fan-recreations of a few of the scenes from the film, a video diary of Lloyd Kaufman's visit to the set of James Gunn's Slither and a visit the two brought together to Eli Roth's Hostel Birthday party and much more, this is the ultimate set everyone must own. Weather you are a film historian, someone interested in interpretations of the great Bard's work, a fan of great cinema, a fighter for independent cinema, a fan of James Gunn, interested in learning more on making films on a low budget, a fan of Lloyd Kaufman or whatever: this is the most important DVD-release of this millennium!",1,0,0.52926385
"A featherweight plot and dubious characterizations don't make any difference when a movie is as fun to watch as this one is. Lively action and spectacular stunts - for their day - give this movie some real zip. And there's some actual comedy from the ripping chemistry between the two leads. Quinn makes a good villain also, although his role is completely overshadowed.<br /><br />But don't be fooled by Maureen O'Hara's tough broad role, this is as sexist as any Hollywood movie of this era. You might be able to forgive that because of the time in which it was made, but it's still hard to get past. For all the heroism and gruesomely adult off-screen situations, this is still little more than an adolescent good time.",1,0,0.51237875
"It came before ""the ten commandments"" ""land of the Pharaohs"" ""Ben Hur"" and it's overlooked today.How unfair!Based on Mika Waltari's mammoth novel ,it doesn't cheapen it!Waltari's novel was so huge only a miniseries could have done it justice (I hope it will be done some day).Waltari,whose message is essentially Christian remains intact(another of his books ""the secret of the kingdom"" (first part) takes place after Christ's death in the Holy Land).<br /><br />""The Egyptian"" is the rising of a monotheism close to Christianism long before Christ:the Pharaoh(Wilding) is some kind of Messiah who sacrifices his life because he knows that the true kingdom is not in the material world:he asks to return good for evil!And he has disciples ,who will eventually turn into martyrs (the scene when Simmons and the other worshippers of the Sun God are slain is visually stunning,looking like some pagan ballet).For the priests ,on the other hand,this new religion would mean the end of their influence on the populace,and that's why they look for a strong man (Mature)who can lead the army against the Hittites as well as against their dangerous compatriots.Another religion,or non-religion should we say, is Sinouhé's (Purdom)who during two hours believes in nothing (the sequence of the grain of sands is absolutely sensational and rises the whole movie well above the average peplum !!)<br /><br />There's another fascinating side:the movie looks like a flamboyant melodrama.Not only for the screenplay (notably pharoah's sister's (Tierney)final revelation which predates ""the ten commandments"" by two years),but also the splendor of the cinematography:Viviani ,in his book about Curtiz,talks about a Baudelairian atmosphere ,blue and gold,notably in the scenes which involve the prostitute (Darvi)who contemplates her reflection in the water of her bath,supreme narcissism. Around the hero,all the characters appear,disappear,appear again,but when they reappear ,they have followed their way and all the subplots come together with consummate skill.Besides,as such is often the case in ""modern "" melodramas ,the story is a long flashback,framed by two short sequences showing Sinouhé an old man who's remembering.<br /><br />This is a wonderful sword and sandals,that had a strong influence,not only in America but also in Europa,notably in Poland where Jerzy Kawalerowicz directed a spellbinding ""faraon"" (1966) which owed a lot to Curtiz.",1,0,0.52617025
"How anyone can say this is bad is beyond me. I loved this show before I even saw it. For 3 reasons, 1. The Story intrigued me, 2. Jessica Alba and 3. James Cameron! Please ignore the bad comments and Please watch the whole first Season before you decide that it's bad because I know that if you watch the first Season you will LOVE it and go out and Buy Season 1 as well as Season 2 on DVD and then Join the campaign to get Season 3 Made!<br /><br />I Hate Fox and I'm sure a lot of you ""Dark Angel"" fans hate them too. They have a thing for Canning Good Shows! Don't you all agree?",1,0,0.5566884
"I always think it would be nice if you could somehow have a 'sneak preview' at some of the old movies that are re-released on DVD, before you purchase them. That way you could save yourself some time, money and a certain degree of aggro when you feel so utterly let down.<br /><br />""The Buddy Holly Story"" is such a movie.<br /><br />I do not wish to go into the characterizations, or the holes in the plot, or the messing around with historical facts that this movie encompasses, for I had already come to terms with them twenty years ago, when I first began watching it.<br /><br />I had recorded it on the old (Monaural) Beta machine back in the early 1980s, and liked it so much, that it became a regularly-played favourite. The best part, to my mind, was Gary Busey's performance as the young Buddy, and his near-perfect vocals and guitar playing.<br /><br />I looked forward to the day when I could have it in ...STEREO..., and that is where the disappointment comes in.<br /><br />This DVD version is (supposedly) re-mastered in both audio and video, according to the shell information, but I'm afraid it left me sadly let-down and glancing at my watch, wishing for it to end.<br /><br />The sound is murky, bordering on the unintelligible, and so unprofessionally mixed that it had me yearning for the crystal-clarity vocals of my old Beta tape! <br /><br />Despite what you think of the images, or the plot, or the characters, the real draw card here is the MUSIC......and if you can't hear the lead vocals because they are drowned out by the cymbals, or the backing harmonies, or other ambients, then there's not much left, is there? <br /><br />I'm going to convert my old Beta version to (Mono) DVD for subsequent viewings, and put this one where it belongs, out with the rubbish! <br /><br />""Extinction is the Rule, Survival is the Exception...""",0,1,0.50518924
"I was thrilled by the fresh (pun intended) synopsis of this film and looking forward to watch it. The first few shots introduce some of the characters as well as the main location where the stories take place; the gardening allotments. The movie looks fantastic. Colorful yet simple. Magical yet genuine. Unfortunately, it only takes a few minutes to figure out where the movie will go. We quickly figure out this will be a manipulative, sappy tale illustrating a bunch of jaded people set in their ways confronted by ""nice victimized"" refugees and that it will have a happy ending where the jaded people realize the error of their ways and accept these people. <br /><br />The characters, particularly the prejudiced ones, are very ""comic-booky"" in nature. The story focuses mainly on two refugee families. One of them is headed by a single mom played atrociously by Diveen Henry. I am saddened to say that any emotion that might have been felt toward her struggles were defused by what was memorably bad acting.<br /><br />The other story is much more interesting and focuses on a father and his two children. All are scarred by their journey to this country by way of containers, where the wife and mother died but it is the husband who suffers the most. Benedict Wong gives a mind-blowing performance here. At first, his emotions are very subdued but as the story develops, he subtly makes us aware of the inner-struggles of his character. <br /><br />Unfortunately, the rest of the movie is just extremely boring. There were so many possibilities with this movie. There are several characters to keep track of, many of which might have potential but none of it is realized. Even worse, despite this movie being very much not Hollywoodian, some of the main plot threads are solved cheaply in a Hollywood b-grade way. Example:<br /><br />Character A likes character B Character B rejects his advances No problem! Let's have character C declare her love for character A so we can all have a happy ending. Yawn. <br /><br />I liked very much the plot thread of the Asian family. That was well done. Unfortunately, the whole allotment business, the communal aspect of it, the dynamic involving a large cast are all under exploited.<br /><br />What you're left with is a movie that has very little worth.",0,1,0.64022267
"This movie was funny from START to FINISH. Everyone in the cinema was laughing out loud throughout the film!! The best characters were Alex Fisher (Jada Pinkett), Edie Cohen (Debra Messing, the girl from Will and Grace) and Tanya the manicurist (Debi Mazar). They had the best lines, the best attitudes etc. Jada Pinkett playing a lesbian was really funny, she really played it well and was very convincing. The only bad thing about the film was the fact that the other two main characters weren't as funny even though the movie focused around them........ All in all, this is a great movie to go and see with your girls (yes guys, it's a girlie movie through and through!). Enjoy!!!",1,0,0.50506
"But, lets face it... it got a few nostalgic sighs out of me.<br /><br />The show is just so consistently great that it is allowed to have a few hiccups. I get a new season, and just power through them like I have 2-days to live. I like the idea of wrapping it up, but it was much more of an end of season episode which would explain the following:<br /><br />Dr.Cox isn't supposed to be bald for a couple more episodes, only explanation I can think of is they changed the rotation of the episodes or had to re-shoot the beginning.<br /><br />and that my friends, is why the hell cox is bald.<br /><br />Anyways, the show is awesome...bring on the 7th season.",0,1,0.52478987
"People are being too hard on the film. Sometimes we should just sit back and enjoy the story without attempting to ""review"" it.<br /><br />The whole thing comes together when Hackman decides not to pull the trigger but his target still goes down. Then the fun begins as everyone about him also ""go down"".<br /><br />Just think JFK and all the people associated in any way with his assassination, who's lives ended abruptly and in questionable ways and you'll appreciate what is implied in this film.<br /><br />I think it's an excellent interpretation of what may well have occurred. Though the EXACT story line my not have been followed (hindsight here after reading Jim Maars ""Crossfire"") but it's what is implied that is of interest.<br /><br />I'd love to get a copy of it to view it again. In light of what is known today, The Domino Principle is right on.",1,0,0.60329545
"Don't know if this contains any spoilers or not, but I don't want to risk being blacklisted until the year 3462.<br /><br />I disagree entirely with the viewer comments that have described *Guns, Germs and Steel* as ""politically correct"" and ""neo-Marxist."" They cannot have watched the same series that *I* did.<br /><br />The series *I* watched depicted the history of European colonisation in the Americas and southern Africa with no particular inaccuracies. I saw nothing in the series that portrayed Europeans as bad people who happened to be lucky, though Europeans often *were* lucky - and there's nothing wrong with luck. Neither did I see native peoples portrayed as poor little innocent things. If anything, the Inca was rather arrogant - as you would expect any leader would be when dealing with foreigners, if his country has not been conquered in living memory by any other world power. <br /><br />I certainly saw nothing that could be construed as Marxist or Neo-Marxist, except by the most incredibly elastic of imaginations.<br /><br />Otherwise, many African peoples *do* have a built-in immunity to malaria and other tropical diseases that Europeans lack. At the time they were at the height of their successes, the Aztec, Maya and Inca civilisations *were* as advanced as any other in the world - and as wealthy; sometimes more so. Aboriginal American and Khoi-San populations *were* decimated by smallpox and other diseases introduced by Europeans; just as European colonists were decimated by tropical diseases like malaria. (NOTE: The Khoi-San peoples are completely different from all other sub-Saharan African peoples.) <br /><br />So, I don't see what some of the other commentators are complaining about. The only thing *I* can find to complain about is that the series doesn't tell me anything I did not know by the time I finished seventh grade. There's really nothing new in the way of historical information in this film. It does, however, present some nice dramatisations of events, such as the conquest of the Incas; the production values are very high; and it fills in a few holes here and there that didn't get covered in Mrs. Gruber's Sixth Hour Social Studies Class at Milan Middle School.<br /><br />If you rent or buy this, assuming you had a decent primary and/or secondary school education, you won't learn anything new, but you will have an enjoyable and entertaining time reviewing what you already learned (or should have learned) by the time you hit high school.",1,0,0.63863176
"I understand that this movie is made for kids and as a parent I have sat through many movies that don't particularly hold my interest, but I can appreciate from a constructive point of view in how it is being received by my children. Parents are supposed to be encouraged after all to take part in their children's activities and to monitor the quality of the entertainment that they view so there should be something that appeals to an adult audience on some level even in children's movies. Disney has always understood this which is why it is so hard to fathom how it could allow such a complete piece of drek to bear their name.<br /><br />Technically, the sound editing is horrible and all dialog sounds over-dubbed and unnatural. Personally I hate that, but it was doubly awful considering the dialog itself seemed as though it was written by a 12 year old for a school project. The ""acting"" reminded me of a school play and none of the child actors had any range of emotion in their voices. Thankfully it was a very short movie.<br /><br />Now, before I come off like a video-geek measuring a kids movie with an adult yard stick, the one thing that can save even the worst children's movie is a positive message. Far be it from me to determine how a message has to be delivered so long as the right one is. Let us take a walk through this film to see what messages are given: <br /><br />If you are lost, don't worry, you will inevitably find your way home.<br /><br />Approach wild animals without any fear.<br /><br />You can win any competition just because you ""know"" you can.<br /><br />and my favorite, the final message left in the film: <br /><br />It's okay to disobey authority figures and do what you think is right.",0,1,0.6376651
"PEOPLE ARE STUPID.You shouldn't cheer when Paris gets killed in the head with a pipe! It is plain rude!What did Paris do to you? What if that was you? You wouldn't want people cheering for your death!Anyway it was really gory, which I liked and it was cool when Elisha's finger gets cut off.It was weird with that twist that they didn't have 2 sons they had tree and all, It makes way for a House of Wax 2: Ressurction or something.Paris was great acting in the chase scene.Elisha and Chad chemistry is great, they deserve an Oscar.My friends and I were cracking up when that guy said that's hot when Paris and the guy from Cousin Skeeter making out.Lol.K bye.",1,0,0.54523396
"I picked this one up on a whim from the library, and was very pleasantly surprised. Lots of tight, expressionistic camera work, an equally tight script, and two superb actors all meld together to make one very fine piece of film. Not for the reptilian multiplex brain, but rather the true aficionado of cinema. If Hollywood ever does get its grimy hands on it, I'm sure it will ruin it. A choice treat all the way around. Other posters here have more than amply sung its praises, so I needn't bother duplicating their paeans; just take their advice, and mine, and don't miss this gem. Call it what you like; I call it two hours of entertainment well-spent. Read my lips: don't miss it.",1,0,0.51175296
"I noted that the official IMDb review refers to Leland as a sociopath. I believe that this diagnosis is manifestly and profoundly incorrect.<br /><br />This is a movie about sadness, and about the ability of one particular teenage boy to see sadness in daily life, as it lies in wait around every corner, in advance of the unfolding of the lives that it impacts. A sociopath is a person who cannot empathize with others, and who, while understanding the difference between right and wrong, does not care about this difference. A sociopath is a subject who places himself or herself at the center of that subject's universe, with total disregard for the impact that the subject's actions have for those around him or her. One of the defining characteristics of a sociopath is that a true sociopath lacks the ability to feel empathy -- lacks the ability to feel that which others feel, and does not correlate changes in the moods of others as the result of that sociopath's actions with those actions. A sociopath CANNOT feel the pain of others, or understand that the pain of others is the result of the sociopath's own actions. A sociopath is a person who is not completely formed. A vital chunk is missing from the psychological and emotional makeup of a true sociopath, rendering the sociopath immune to ""talking therapy"" and other treatment modalities that involve human interaction and the exploration of personal feelings. Sociopathy is devastating, even when the subject is treated and placed in a highly structured environment aimed at containing the damage that the sociopath can do to others. Many sociopaths function more or less normally and never raise a blip on the radar of the criminal justice system, although they tend to leave a trail of emotional debris in their wakes.<br /><br />Leland Fitzgerald is no sociopath. He is a person who is blessed (or cursed) with the ability to foresee what he considers to be the inevitable consequences and outcomes of human interactions. Leland literally sees sadness written into the eyes and faces of people around him, as he slowly assimilates and internalizes the philosophy that life is about loss, and that people slowly succumb to the inevitable and inexorable fact that, for want of a better metaphor, things fall apart. People who fall in love and who kiss and cuddle today turn into ""pathetic"" elderly couples. The electricity in the eyes of Leland's ""mother"" (a wealthy New York socialite who loves Leland and who invites him into the home that she shares with her family when he arrives in New York City, alone and determined to remain in the city at the age of 12) fades as she explains to him, on the last of his visits to New York City, that she learned that her husband had been cheating on her all the time, that she got a divorce, that having one's heart broken happens to everybody, and that such loss is an inevitable part of growing up. Her eyes still reflect light, but the electricity that once illuminated them is gone. This scene -- this explanation, late is it is in coming -- is crucial to understanding why Leland commits a seemingly savage, senseless crime (killing the retarded younger brother of his ex-girlfriend). Leland knows what lies ahead for this little boy -- a lifetime of unattainable goals, of being taught only words that signify danger, of never knowing the love of another human being, of never feeling such love, and of never connecting with another person. More than any other character in this movie, this little boy personifies everything that Leland sees as being inevitable and horrifying about the world. Leland's act -- killing this little boy -- is, for Leland, an act of mercy, committed because this was the one thing that he COULD do in a world in which actions cannot change outcomes. Whereas a true sociopath knows that actions can and do change outcomes but does not care about the harm inflicted on others by those actions, Leland does care. What most people view as a barbaric and horrifying act is, in Leland's eyes, the only decent thing that he can do to alleviate the suffering of just one person.<br /><br />It would be comforting to be able to present this as an explanation of Leland's actions -- comforting, but incomplete. For in the end, ""blame"" for Leland's actions lies elsewhere. As is so often the case, there are no easy explanations and no balm to apply to the outraged soul. Why did Leland not learn something that even the most pessimistic people usually acknowledge -- that sometimes -- just sometimes -- people DO remain in love, and that relationships DO succeed, and that even the saddest lives ARE transformed? For Leland, there is no middle ground, no inner core to which he can retreat and regroup. There is only pain and sadness. One is tempted to blame his arrogant and thoroughly unpleasant father -- the brilliant writer (played by Kevin Spacey) -- for not being there at critical times during Leland's development, but given this man's thuggish nastiness, that may have been a blessing.<br /><br />In the end, this viewer was moved by a tremendous sense of sadness. Why was Leland doomed to view the world through a veil of pessimism and depression? There is a maturity to Leland's character -- present, for example, when he repeatedly insists that nobody was to blame for his girlfriend breaking up with him -- that is both stoic and heartbreaking. Stoic, in that it is absolutely genuine, notwithstanding the heated denunciations of Leland's teacher. But heartbreaking, in that it is born not so much of understanding as of despair. Leland's indifference to his fate is merely a reflection of the utter certainty of his belief that nothing really matters. Nothing that he does can change his fate.<br /><br />This is not sociopathy on display. This is, if anything, its polar opposite......",1,0,0.5669469
"THE MELTING MAN...a tragic victim of the space race, he perished MELTING...never comprehending the race had LONG GONE BY...!<br /><br />A man (Burr DeBenning) burns his hand on the kitchen stove. But instead of screaming something a NORMAL person would scream, he shouts something that sounds like ""AAAAATCH-KAH!!"" This movie you've popped in...isn't a normal movie. You've just taken your first step into THE INCREDIBLE MELTING MAN, the famous late-70's gore film featuring Rick Baker's wonderful makeup effects. Baker was just on the edge of becoming a superstar, and did this at the same time as his famous ""cantina aliens"" in STAR WARS. For some strange reason, STAR WARS became a household name, and INCREDIBLE MELTING MAN did not. <br /><br />It might have something to do with the fact that this movie is just mind-numbingly awful. From the opening credits (""Starring Alex Rebar as THE INCREDIBLE MELTING MAN""...that's really what it says!), to the chubby nurse running through a glass door, to the fisherman's head going over a waterfall and smashing graphically apart on some rocks, this film provides many, many moments of sheer incomprehensibility. ""Why did they...but how come he...why are they...?"" After a while, you give up wondering why and watch it as what it is--a very entertaining piece of garbage.<br /><br />An astronaut returns to Earth in a melting, radioactive condition; he escapes and, his mind disintegrating as well as his body, begins a mad melting killing spree. The authorities quickly decide that the melting man must be stopped, but (probably not wanting to ""cause a panic"") want him captured as quietly as possible. So they send one guy with a geiger counter after him. Wow.<br /><br />Storywise, surprisingly little happens during the movie. The melting guy wanders around killing people. A doctor searches for him with a geiger counter. Various characters are introduced, ask questions, and leave. Eventually the doctor catches up with the melting man, but is shot by a security guard for no reason, after he explains that he's ""Dr. Ted Nelson."" The melting man wanders off and finally dissolves into a big puddle of goo. The End.<br /><br />It's so brainless that it somehow ends up being a lot of fun, despite a fairly downbeat ending. Supposedly, a widescreen DVD release is planned. A very special movie.",1,0,0.5862389
"Just two comments....SEVEN years apart? Hardly evidence of the film's relentless pulling-power! As has been mentioned, the low-budget telemovie status of 13 GANTRY ROW is a mitigating factor in its limited appeal. Having said that however the thing is not without merit - either as entertainment or as a fright outing per se.<br /><br />True, the plot at its most basic is a re-working of THE AMITYVILLE HORROR - only without much horror. More a case of intrigue! Gibney might have made a more worthwhile impression if she had played Halifax -investigating a couple of seemingly unconnected murders with the ""house"" as the main suspect. The script is better than average and the production overall of a high standard. It just fails to engage the viewer particularly at key moments.<br /><br />Having picked the DVD up for a mere $3.95 last week at my regular video store, I cannot begrudge the expenditure. $10.95 would be an acceptable price for the film. Just don't expect fireworks!",1,0,0.60629404
"Am I the only person who saw and remembers Amadeus. Every scene in ""Copying"" has its counterpart in the Milos Forman, Amadeus - from the galloping carriages accompanied by frenzied strings, to the entrance of Anna through the dark hallway preceded by the man with the key, to the very dialog of the conclusion with Anna at Beethoven's feet a la Salieri before the dying Mozart. Does no one else recall the dialog in that script: <br /><br />Salieri ""Time?"" , Mozart ""Common time"". .....""We begin with the strings..."" and so it ""copies"".<br /><br />Remember Cynthia Nixon leaning against a door jamb, tears falling down her freckled face - same scene, just replace her with Beethoven's nephew. Even the scatological humor (fart jokes) are the same. We even have a cardinal followed around by a plate of sweet cookies which recalls Salieri in the banquet hall. Does no one else remember? !!!!<br /><br />And the scene where Anna cries to God ""Why did you give me this gift?""... Salieri said the same thing!<br /><br />And beyond all that we have a juvenile script with an opening exposition that reads like the character identifications you'd find in a children's story. ""I am Mr. Beethoven. I am the composer....""<br /><br />And what, after all, is the purpose of the bridge builder? Other than to juxtapose the technical against the artistic... a comparison that is not at all developed - probably because it has no meaning, especially when it comes to Beethove who was a master of the technical.<br /><br />There's only one great scene - the playing of the ninth. First, the music, which of itself takes you to tears. But then, there is the highly erotic interaction of Anna the copyist keeping time and Beethoven conducting which surpasses the most explicit sexual intimacy. So intense, it's almost embarrassing.<br /><br />But, please - the rest of the film - Where is the world's collective memory? You have seen this all before .... and better!",0,1,0.55636144
"It starts really interesting - the story develops around the main character, who runs a ""cleaning business"", specialized in cleaning up crime scenes. As a former cop, he runs into some strange situation, when one job does suddenly ""offically vanish"". Furthermore, he discovers some relation to an investigation into police corruption. His ""Columbo Feeling"" is justified, the deeper he gets into the background of the story. The good actors (Jackson, Ed Harris, Eva Mendes) play in an suspenseful story with some twists --- but only up to the last 25 minutes. (up to here 7 of 10 stars). SPOILER:::: Suddenly the movie looses its touch and in the end there is a completely unnecessary shoot-out, involving the 14-year old daughter, a betrayal of friendship and a not justified righteousness out of the character development... why not having Cutler giving up his investigation for the sake of the friendship? or having the daughter discovering some facts? or ... many possible much better story finishes are imaginable... a truly wasted ending!",0,1,0.64983964
"Sheltered young woman, home-schooled and possibly quite gifted, harbors a disturbed, overly-emotional side which comes to the surface after her absentee father pays her mother a visit, asking for a divorce. Directed by celebrated cinematographer William A. Fraker, this ill-titled psychological thriller falls into the trap that most films helmed by directors of photography find themselves in: each shot is composed for the utmost style, but at the sacrifice of fluid pacing and a tight, gripping narrative. Fraker (and his cinematographer, László Kovács) are very fond of gauzy whites and golden tones, giving the picture a burnished, tableaux feel. The mansion at the center of the action looks like a funeral parlor, and Fraker paces the wheezing yarn just like a funeral. Robert Shaw and Sally Kellerman (as Shaw's fiancée), two of the most interesting actors of the 1970s, manage to cut through the plastic overlay and are quite compelling despite the jagged editing (which turns their scenes into little bits of half-realized business). Sondra Locke, another interesting screen personality, seems cast for her resemblance to Catherine Deneuve in ""Repulsion"". Pale and saucer-eyed, with imposingly thick and long hair, Locke is a curious human puzzle, and she's initially quite intimidating and dangerous; however, this role is so old-hat that Locke can find nothing fresh to bring out of the deep freeze, and she flounders. Fraker allows Locke's freak-out scenes to go on and on, while Shaw (looking terrifically debonair) is put in the impossible position of playing touchy-feely daddy to her. All of this nonsense might be worth slogging through if the screenplay had been peppered with a modicum of tangibility (or, at the very least, some dry wit or humorous relief). As it is, Lewis John Carlino and Edward Hume's limp script, adapted from Stanton Forbes' novel ""Go To Thy Deathbed"", strands the viewer early on, and only the charisma of the players gets us to the finish line. *1/2 from ****",0,1,0.6091915
"Only saw this show a few times, but will live in my memory. <br /><br />It is very frustrating that it is so difficult to find this anywhere to purchase and yet there seem to be endless repeats of stuff like Friends! Especially even more difficult to obtain being in England I guess..?<br /><br />They say it was low ratings or was it a complaint from the Bakersfield PD themselves? Maybe it was just too clever for certain people? <br /><br />Anyhow, just about the one comedy I would love to see again but is almost impossible to find. I hear it is being or has been repeated on another network? But alas not over here!!<br /><br />Summary: Ingenious.",1,0,0.6538325
"Like another poster mentioned Ch. 56 (a local Boston TV station) showed this multiple times over the years on Saturday afternoons. They paired it with the first sequel ""Return of the Ginat Majin"".<br /><br />Now I haven't seen it since then...but it never left me. Aside from the atrocious dubbing and faded color this was a pretty good fantasy. Technically it isn't horror...until the statue comes to life at the end. It's just about a village ruled over by an evil man. There's a giant stone statue there that the villagers keep praying to to help them...to no avail. But things go too far, the statute comes to life and destroys the bad guys...but then it starts going after the good guys too! Well-done with some cool special effects at the end (LOVED how he got rid of the main bad guy). Also there was an enchanted forest worked in which was kind of interesting too.<br /><br />No masterpiece but an unusual combo fantasy/horror film. Worth catching--but not if it's the dubbed print.",1,0,0.53212565
"I just watched this movie and have to say, I was very impressed. It's very creepy and has numerous moments that will make you jump out of seat! I had to smoke several ""emergency"" cigarettes along the way to calm my nerves! If I had to criticise, I'd say that perhaps if anything, there were too many jump moments. It got to the point where every single new scene climaxed with a jump and this gradually wore away the startling effect, because you kind of new what was coming.<br /><br />Although it contains virtually every cliché in the ghost genre, they were all done so well that it maintained the creepy, fear-factor. It had elements of The Shining, The 6th Sense and The Changeling (in particular, the soundtrack reminded me of The Changeling).<br /><br />I would highly recommend this to anyone looking for a good old-fashioned scare!",1,0,0.5637355
"The first half of this movie is a pure delight. Novel. Funny. Wonderful performances. A close knit brother and sister living in Manhattan fall for the same woman! Adult. Bright. Witty. What more could you ask. As a romantic comedy this starts refreshing. It heads into unexplored territory. And then it falls apart.<br /><br />It goes from being a universal adult comedy to a coming-of-age coming-out-of-the-closet story that has been done many times before. What a disappointment. As a people film it begins with such promise. Why does it need to turn into such a pedestrian ""I am who I am"" film. The freeze-frame ending shot of Heather Graham's jumping in the air to celebrate ""her happiness at finding herself"" underlines the banality of the last part of the film.<br /><br />It could have been different. It could have been magical. It ended up being the same old same old.",0,1,0.6371187
"Filmed in a documentary style, but you can pretty well tell participants had been coached. A recently divorced wannabe film maker(Myles Berkowitz)sees a chance to liven up his love life and step into the movie biz at the same time. He intends to make a documentary piece about finding love by filming twenty dates including ramifications. The comedy is spotty at best; the rest is mishap after mishap. Also taking part are Richard Arlook, Robert McKee and the enticing Elisabeth Wagner. Trying for credibility the fetching Tia Carrere is talked into a cameo. This will suffice as a handbook on how NOT to get a satisfactory date.",0,1,0.62384474
"An ensemble of uninteresting and unlikeable characters twist and turn their way through a flimsy plot that might be interesting, if only you could bring yourself to care. This ""twisting and turning"" I speak of refers not to the story (which contains all the suspense of a recipe for tuna casserole) but to the director's inability to keep the characters' faces even remotely centered in the frame. On the other hand, Angie Harmon has very nice nostrils and left ear.<br /><br />The only real surprise in the movie is the big names they convinced to do it. When you consider this movie was never released in theaters despite having an all-star cast, you might be inclined to think something stinks.<br /><br />And indeed, it does.",0,1,0.5321987
"One night I stumbled upon this on the satellite station Bravo.Initially out of curiosity i decided to watch it.To be perfectly honest i wasn't disappointed.The main character is beautiful and her body is shown off well.You would think her talents would be wasted as a executioner but apparently not after watching the whole film!My only real gripe is the acting of the supporting cast particularly the actor who plays Melnik.Christ its bad!The prison guard Hank is woeful too.All he ever does is get drunk and make ill attempted passes at his co-guard Wanda though fortunately for us the viewer and for Hank he gets down and dirty with Wanda near the end. The music used is pretty tense and creates the perfect atmosphere for the executions. This movie is well watching alone for the beautiful,talented and very sexy Jennifer Thomas",1,0,0.6017174
"""The Incredible Melting Man"" is a fantastically gross, trashy and energetic Z-grade production that every self-respecting camp-horror freak simply has to see for him/herself! The ideal way to describe this low-budget 70's gem is like a shameless copy of Hammer's ""The Quatermass Xperiment"" ...only a thousand times filthier! Astronaust Steve West is the only survivor of a disastrous space-mission, but turns out the carrier of a horrible disease that makes him radioactive and ... causes him to melt! In shock after seeing his face in the mirror (can you blame him?), Steve busts out of the hospital, leaving a trail of sticky pus and fallen off body parts behind. Doctor Ted Nelson has to find him urgently, as the disease also set Steve up with an insatiable appetite for human flesh. The premise may sound utterly stupid but this flick is enormously entertaining and contains great make-up effects from the hand of Rick Baker. The melting dude's face looks like a rotting pizza and his heavy breathing makes him sound like Darth Vader! Another big advantage is that William Sachs' screenplay doesn't waste any time on tedious scientific explanations or emotional speeches. The repulsiveness starts right away and lasts until the very last moment of the film. Just enjoy this silly horror gem and try to switch off your brain activity as much as you can because, if you start contemplating about the many stupidities in the script, you'll miss out on all the campy fun!",1,0,0.64721835
"The Japanese cyber-punk films have never really done a whole lot for me, but of the handful that I've seen, most have been at least visually interesting and at least mostly entertaining. MEATBALL MACHINE is no exception.<br /><br />The storyline is about a species of parasites that take over human hosts, takes control of their bodies, turns them into ""necroborgs"", and causes them to fight each other with the sole purpose of eating each other - apparently as a ""game"" for the enjoyment of said parasites. The film mainly revolves around a shy guy and gal who fall for each other, but whose love-affair is cut short by both being infected with the parasites, and are forced to fight each other. It becomes a test of human-will vs. the parasite's control over their physical bodies...<br /><br />MEATBALL MACHINE will invariably be compared to TETSUO (as most cyber-punk films are), and for good reason. There are definitely some thematic parallels, though the films are definitely different. There's plenty of fun, splattery moments in MEATBALL MACHINE, and the creature/borg FX are definitely the high-point - a mixture of TETSUO-meets-GWAR that are both elaborate and inventive. Depending on your taste for these types of films, MEATBALL MACHINE may or may not be your thing. If you enjoy hyper-kinetic cyber-punk films with a healthy dose of splatter - this one's for you...7/10",1,0,0.56789184
"imagination must of slipped Jim Wynorski mind when he wrote the script to this one. i don't mind when the animals scenes are almost identical but when the actors repeat lines from other movies is going a little too far. I did enjoy seeing Jay Richardson and Glori Ann Gilbert get eaten. Gloria brings nothing to a movie but her tits (my husbands sentiments). Jerri Manthey should of stayed on survival island her acting is stiff, unbelievable and she just a plain boor. liked the scene where the cobra comes out of the ocean eats the guy then for added flavor destroys the dingy. At least we know the next plot giant snake man slays komodo before becoming daddy to a nest of eggs. Jerri would be great as the mother cobra. sit back with a 6 pact or a couple of joints. it will ease the pain.",0,1,0.5653735
"""Cinderella"" is a film about a young girl whose mother passed away and her father remarried. Once her father died, Cinderella's stepmother became very mean to her and made her do all of the chores around the house, like cleaning up after her two evil stepsisters. One day the King sent out a message to all of the single women to attend the Royal Ball in honor of his son, to find a wife. Of course, Cinderella didn't get to go, but her stepsisters did. Cinderella was very upset and thought that there was no way she could attend the Royal Ball, until her fairy godmother appeared. So she did some magic and made Cinderella into a beautiful woman, but she had to be back by midnight because that is when the magic changes back. While at the Royal Ball, Cinderella loses track of time and the clock strikes midnight, so she runs out of the palace and loses her glass slipper. Then the King orders the duke to find the women who wore that slipper. The duke searched every house, but finally found the women who it belonged to, Cinderella.<br /><br />Clyde Geronimi, Wilfred Jackson, and Hamilton Luske directed one of the best animated Disney films in 1950. This film is about a magical fairytale. In the beginning of the film Cinderella was a servant to her own family and had nobody to love her, but with a little bit of magic her whole life changed around and finally found love.<br /><br />My favorite thing about ""Cinderella"" is the music. When Cinderella's fairy godmother appeared doing her magic, she sang the song Bibbidi Bobbidi Boo. When I was a child, it was one of my favorite songs to sing around my house, so I will never forget it. I also loved the part when Cinderella and the Prince were singing the song So This is Love while they were dancing because they realized that they are in love. Overall this film was my favorite film when I was a little child because every little girl wants to live a fairy tale life.",1,0,0.5375549
"This is one of those ""family"" movies that I can't imagine having much appeal to anyone over about 9. A group of siblings discovers a ""sand fairy"" (yes, really) conveniently located at the end of a not-so-secret passage at the country home of their eccentric uncle, to which they've been evacuated from the London blitz. ...And there you have it, all in one sentence. The story is about the role of magic in childhood and the danger of getting wishes fulfilled, but neither of these issues is examined in a way that would be interesting to adults or instructive to children (or vice versa!). The only reason I can think of for watching this is to see how starkly Freddie Highmore's outstanding talent stands out from the rest of the mediocre performances.",0,1,0.5971529
"The past creeps up on a rehab-addict when he reconnects with his ill brother and a former girlfriend after what he hopes was his last stint in detox. ""Life's dramas"", presented here in the most simplistic way imaginable (not even the writing has any bite or wit). The cast is made up of attractive looking actors smiling glumly at one another, and the music and photography are lugubrious (a couple of the visual effects are laughable, indie-cliché touches that reek of a puny budget). Although written and directed by a man, this was produced by a woman, and I'm not sure but I think this may be a distinct reason why this picture about two men, estranged brothers growing closer, never quite gels, never feels natural or seems lived in. It's an attempt to get inside a male relationship, but the careful, sterile presentation is a cheat. No one's heart is in this, living, breathing, or bleeding this material. ""The Perfect Son"" is quickly diffused by too many cooks in the kitchen.",0,1,0.50690633
"Brian Keith as Cole Wlikerson and Richard Jaeckel as Wade Matlock make excellent villains. They just love intimidating the locals in the most brutal way possible, and sneer sexily at any suggestion that there might be a more humane way to achieve their ends. It's a pity that goody-goody Glenn Ford gets in their way.",1,0,0.51744616
"Ignore everyone else's comments for this movie and watch it on pay cable (like I did) or rent it. You owe it to yourself. This film is what movies are (supposed to be) all about. Hard to categorize (and God knows how this was pitched as a ""high concept""!), but this is one for the angels. Check it out. What have you got to lose?",1,0,0.5820727
"I have decided to not believe what famous movie critics say. Even though this movie did not get the best comments, this movie made my day. It got me thinking. What a false world this is.<br /><br />What do you do when your most loved ones deceive you. It's said that no matter how often you feed milk to a snake, it can never be loyal and will bite when given a chance. Same way some people are such that they are never grateful. This movie is about how selfish people can be and how everyone is ultimately just thinking about oneself and working for oneself. <br /><br />A brother dies inadvertently at the hands of a gangster. The surviving brother decides to take revenge. Through this process, we learn about the futility of this world. Nothing is real and no one is loyal to anyone.<br /><br />Amitabh gave the performance of his life. The new actor Aryan gave a good performance. The actress who played the wife of Amitabh stole the show. Her role was small but she portrayed her role so diligently that one is moved by her performance. Chawla had really great face expressions but her role was very limited and was not given a chance to fully express herself.<br /><br />A great movie by Raj Kumar Santoshi. His movies always give some message to the audience. His movies are like novels of Nanak Singh (a Punjabi novelist who's novels always had a purpose and targeted a social evil) because they have a real message for the audience. They are entertaining as well as lesson-giving.",1,0,0.60063773
"Now I myself had previously seen a few episodes of the Leauge Of Gentleman which I found hilarious. When I brought the film I was not sure if I knew enough about the series to get it, boy was I wrong. This is one of the best comedy films I have seen ever and the clever acting of the Leauge makes the film. It has a very good and funny plot as well as using only a few characters at any one time helps because it doesn't make it too confusing which would have wrecked the film. Even If you have never seen The Leauge Of Gentleman get this film it will make you laugh and this is a film that can be watched more then once and is an excellent film to watch with your mates. It truly deserves it review a definite 10 out of 10.",1,0,0.5021628
"With such a promising cast and a director that I have heard great things about, I was utterly disappointed by this film. It started off with signs of a great epic gangster tale and turned into a completely muddled mess with many unanswered questions and some completely ridiculous and pointless scenes.(and yes I did watch the full length version). I love Robert DeNiro and as usual he did a fine acting job, but in all his other gangster films, no matter how many people he kills, I always still had respect for his character, but in this movie he was a lowlife drug-addict, rapist with no care for anyone but himself. Also, James Woods, another fine actor, had some completely ridiculous scenes written for him. I thought the parts where Robert DeNiro called him crazy and he flipped out came completely out of left-field and towards the end the writers just throw in this random comment about how his father died in a nut house and that's why James Woods didn't like being called crazy. So much was left undeveloped in this movie. Also, we never find out who the men are in the beginning that are trying to kill Noodles and we never find out more about Joe Pesci's character. It seems that the writers threw together about five different stories and never fully explained any of them. The only redeeming quality of the film was the story when the characters were young kids. The story ran smoothly in this part of the movie and the kids did a great acting job. Overall, I was thoroughly disappointed by this movie and I don't see how anyone can even compare this to the Godfather 1 and 2, or even Goodfellas. I am sad that I wasted four hours of my life watching this film",0,1,0.5152214
"The only redeeming part of this movie was the price I paid. At least all I lost was $3.00 and the time elapsed sitting through this bomb. The crew member who was in charge of continuity missed the boat. When the female lead and the FBI guy went to the alleged killers location, Mr. FBI handed the female a revolver. When the alleged killer came out the door, the revolver has magically transformed into an automatic. One is left to ponder would an FBP agent hand a weapon to a civilian? I think not. Ms. Xavier appears to be a very attractive female. It is too bad the R rating did not allow much of her to be seen. It would seem that a film editor cut what might have been the best parts of the film out.",0,1,0.5258098
"This is one of my favorite movies of all time. I loved Rain Man with Dustin Hoffman and Tom Cruise. This movie is in some ways similar, but makes Rain Man seem artificial, shallow, unemotional, and trivial by comparison.",1,0,0.5068541
"This movie is a mystery. It's not scary, it's spooky. You'll probably jump at some points and for some of it you'll be scratching your head to figure it out. It unfolds its mystery through the main character Eve and her psychotic college project at an insane asylum, Don. He needs her to search for some clues to vindicate himself from murdering his mother, and once Eve agrees to help him, she completely opens up pandora's box and unleashes some very strange things, including Malachi. I won't go into Malachi, but I thought the way that played out was complete genius. I know movie buffs won't regard this movie with the same prestige as other classics because it doesn't have anyone very famous in it (Angelina Jolie's brother was excellent, but maybe he should have asked his sister to show her face just so this movie could get some recognition) but I do think the way the Malachi ending works is something to talk about. I've recommended this to my friends, definitely worth the purchase or rental price.",1,0,0.5144794
"I haven't seen all Cage's works by any means but his acting in this one was truly awful. The other characters run the gamut of ability but, having most of the emotional scenes, Cage's scenes are just embarrassing to watch. He's certainly come a long ways in 12 years.",0,1,0.5117177
"Serge Farnel made a very precise critics of this film in the revue ""The Rwandese night"" (www.lanuitrwandaise.net)<br /><br />A critics which shows how France was behind all the situation undergone by the United Nations in Rwanda.<br /><br />The UN soldiers were in a dangerous situation while the french soldiers were warmly welcomed by the genocide forces.<br /><br />The day before, ten UN soldiers had been killed by the genocide forces.<br /><br />That is why the UN soldiers decided to protect their own lives by driving behind the french trucks.<br /><br />By doing so, they gave up the Tutsi which is unforgivable of course.<br /><br />But we must keep in mind that the french soldiers organized this situation.",0,1,0.5221934
"Just a regular Jason lee movie, There were some parts of the movie that were funny. The undertone of the move is to live life on the edge I guess. These are the types of movies that I think 14 year old girls watch at slumber parties. It was an all right movie. It is kind of one of those movies you have on in the back ground and look up every now and then to when something catches attention. I think That Julia stiles and Selma Blair are a good combination and would like to see them in a movie with a good story and plot. Its just kind of a boy meets girl movie. This is that perfect movie they would show on comedy Central. I am glad that I didn't see this movie in the theater, I would have been angry. But I guess that's why I didn't see it in the theater.",0,1,0.671401
"It's hard for me to criticize anything that Mitzi Kapture does. She just radiates beauty and grace on the screen and is a phenomenal actress. That notwithstanding, yes, the plot was predictable. I think perhaps if Jill HAD slept with Richard then it may have made him a little crazier than he already was, which would have added more to the suspense. It would have also been nice to see Jill and her husband find out about Richard's little problem with his ex-wife, maybe a bit more back story. I was a little disappointed with the ending of the movie. I would have liked to have seen more closure with Zack's death and possibly closure with her husband. I do have to say though, I will never be able to look at a flare gun and not picture her standing there. It was a very fitting end for Richard. Of course, Mitzi ROCKED! I am so looking forward to her future projects.",1,0,0.54843575
"Why does the poster & artwork say ""Clubbed is one of the best UK indie films I have seen in a very long time. SCREEN INTERNATIONAL"" when it was a quote of the French distributor REPORTED by Screen International (an influential film trade publication). See www.screendaily.com/ScreenDailyArticle.aspx?intStoryID=39811 which reads:<br /><br />""Pretty Pictures has acquired all French-speaking rights to Neil Thompson's Clubbed ....James Velaise, president of Pretty Pictures, said: ""Clubbed is one of the best UK indie films I have seen in a very long time.""""<br /><br />Isn't this rather misleading? The distributor is bound to say it's good. Are the other quotes real?",0,1,0.58269227
"I saw ""Night of the Demons 2"" first before I saw ""Night of the Demons"". Unfortunately, my old Blockbuster thought it was a good idea to have the sequel, but no first one. Looney, huh? Now, I think all horror fans need this movie. It's like McDonald's, you know it's bad for you and you'd rather have The Cheesecake Facotory(or whatever pricier restaurant you prefer), but you can't help but just wanting the cheap stuff.<br /><br />Night of the Demons has it all: your innocent, sexy, goes by the rules chicka-dee, your token black guy, that surprisingly doesn't get killed. You're slutty girl, you're slutty guy, you're dark girl or guy, the goof ball, the cheesy settings of a haunted house, bad acting, and lots of unnecessary nudity. Isn't this stuff great? I mean, I know deep down in my heart of movies that this was pretty bad, but it was a good bad for horror movies. Horror fans should enjoy and dig in!<br /><br />8/10",1,0,0.64905983
"Airplane apart, I don't think I've ever laughed at a film so much in all my life.<br /><br />I love football like mad, but I tend to hate almost any song or film about football as they tend to be unrealistic. This wasn't.<br /><br />I watched it once, it was over 2 years ago & it was brilliant. Everyone I know loved it. I remember the gay physio, the sloping pitch at about a 45 degree angle and 'Shoes' (a player so named because he once turned up for training in a new pair of shoes). Brilliant, that's what goes on in park football.<br /><br />A definite 10/10. If anyone from the TV industry is reading this, considering all the crap you repeat on English tele, please have the sense to show this again (and the Muppets while you're at it). Also does anyone know if this was shown on BBC or ITV. I think it was ITV, so it's worth asking them if they plan to show it again. They should do.",1,0,0.5134918
"""A research scientist is experimenting with human DNA in an attempt to create the perfect human being. His work has made it to the point where he can take a human fetus and accelerate its growth to that of an adult within a few days. His latest creation is a (spoiler omitted), but side effects from the process (spoiler omitted),"" according to the DVD sleeve's synopsis.<br /><br />""Embryo"" opens by promising: ""The film you are about to see is not all science fiction. It is based upon medical technology which currently exists for fetal growth outside the womb. It could be a possibility tomorrow or today,"" according to Dr. Charles M. Brinkman III. Right. And, Dr. Joyce Brothers appears, later, at a party with Roddy McDowall.<br /><br />First, we see Rock Hudson (as Dr. Paul Holliston) light a cigarette and drive recklessly (watch that speedometer!) during a storm; unfortunately, he hits a dog. Mr. Hudson takes the wounded canine home. He learns it is pregnant, and manages to save the life of one of the puppies, due to his experimental knowledge of fetal growth. What this really boils down to is that Hudson uses an experimental drug to grow the embryo, so that it can survive outside the mother's womb. The dog, ""Number One"", grows to adult-size rapidly, and is passed off as its mother.<br /><br />Hudson lives with his sister-in-law Diane Ladd (as Martha Douglas); since his wife Nicole, also a doctor, died in another car accident. Ms. Ladd seems more emotionally stable about Nicole's death than Hudson, who survived the crash that killed his wife. Things begin to get creepy when Hudson's dog shows an intelligence level far above any normal dog. Then, Hudson decides to use his accelerated embryo growth on a human, Barbara Carrera (as Victoria Spencer).<br /><br />Hudson and the cast try their best; but, the ""Embryo"" storyline is wretchedly absurd nonsense. If you take away her silly opening and closing scenes, Ms. Carrera's valiant characterization almost works; she might have been a bigger star, if offered better films than this. The infantile ending suggests a sequel; but, happily, the idea was aborted.",0,1,0.5486737
"Most of the French films I've seen - and enjoyed - were more talk than action, but that's okay. I found them interesting, well-photographed and with intriguing actors. (However, I did at one point wonder if Gerald Depardieu was in every French film ever made! It seemed that way.)<br /><br />This movie has the same interesting visuals and had a good opening. But then it became talk, talk and more talk....which is fine for a drama but not for a murder mystery. After awhile, I almost fell asleep watching this.<br /><br />Actually, the film was more like a play with almost all the scenes played out in one room. Thus, if you love plays, you should like this...but I want a little more bang for a murder story.",0,1,0.6421144
"The thing that makes this movie so scary is the way that it portrays Andre and Calvin as (relatively) normal guys. These are definitely not people who want to become professional filmmakers since they goof around in front of the camera, forget scripted lines, etc. They are only making the video as a diary to show 'the survivors' how normal their lives were. Their parents just think the guys are filming for a family home video. By researching other kids attacks on their schools, Andre and Calvin learn what not to do and they inform (usually in a silly 'This Old House' kind of way) any potential 'Andres and Calvins' who might be watching this video how to make bombs, get weapons, and not get caught before Zero Day (the day of the attack).",1,0,0.6301931
"I was duped into seeing this movie after reading a positive review from another website and man was I p.o'd!!! it took me at least 15 minutes to pick it up off the shelf b/c I didn't want anyone to see me. then another 10 minutes to build the courage to take it to the counter and actually use real money to rent it. I thought that all my stress would pay off by the time I got home to and watching the movie b/c the review I read said the movie was a pleasant surprise; what a joke! if you can make it through the first hour of the movie then your in luck! b/c it's not until then the movie turn's into a horror. don't bother with this one folks, your better off watching ""dankness falls""",0,1,0.5585883
"It breaks my heart that this movie is not appreciated as it should be. its very underrated. people forgot what movies are really about, nowadays they only think about bum bum movies, which can be quite fun watching with popcorn and friends, like transformers, movies which are oriented, with hyper mega high budget like 300mln or even higher, on special effects only and which are dumb movies without storyline. Its the kind of a movie what i despite most. Of course it is fun watching greatly made CGIs, but we do not gain anything essential from that kind of movies.<br /><br />I honestly think that performance was excellent. Especially Busy Philipps, alongside with Erika Christensen and Victor Garber(whom i respect) made this movie an Oscar worth. Emotional performance by Busy Philipps was astonishing, its such a shame we wont see Oscar in her hands, which she deserves.",1,0,0.6378793
"Just when you thought it was safe to go back into the water...<br /><br />Another computer generated mutant croc on the prowl for human lunchmeat, let loose by another one of those facilities conducting mad science. Gereco Biotech company is fooling around with growth hormone research, accidentally releasing a baby crocodile which is evolving at an accelerating rate.<br /><br />B-movie cast add a deal of fun to this run of the mill ""genetic mistake monster movie"". Costas Mandylor evokes Mick Dundee, Aussie accent, hat, big ass knife, the works, as a croc specialist hired by Gereco executive Joanna Pacula(..wasted in the stereotypical role of corrupt administrative executive who denies any involvement with the gigantic beast her facility let free on innocent people). Charles Napier is the local sheriff whose town is in danger and Jane Longenecker is his hot daughter, who works at the animal shelter. Soap opera star Matthew Borlenghi is Longenecker's love interest, a local artist who welds sculptures(..his brother is a victim of the croc). Of course, this skill will come in mighty handy when our heroes set up a created trap for the croc, hoping to poison it with carbon monoxide.<br /><br />The croc itself is never the least bit convincing as it rampages through a reserve looking for food, the special effects of a low grade variety. In regards to Roger Corman productions dealing with renegade dino-monsters, I stick with Carnosaur. The monster here is essentially a crocodile standing on it's hind legs, often upright as it pursues potential victims. I felt Mandylor and the filmmakers were spoofing Crocodile Dundee with his croc hunter, and this imitation might amuse where the monster itself fails. Borlenghi and Longenecker actually have pretty good chemistry together on screen. As expected, Pacula gets her commuppance in hilarious fashion(..gulp).",0,1,0.5267586
"This movie was in a sci-fi 50-pack a friend of mine got me for Christmas. It is very similar to the first Gozilla movie, and like that movie, has scenes with American actors inserted for no real reason. One interesting thing about the inserted scenes is that there's a Cold War tension portrayed between America and Russia. Like in Godzilla, Gamera is awakened by an atomic explosion and rampages across the world, paying close attention to Tokyo because no big monster movie is complete unless Tokyo bites it. All in all, this is an okay movie. Some of the scenes involving Gamera, particularly the scenes in Toly, are quite spectacular and have special effects that were pretty decent at the time. If you like Japanese giant monster movies, you'll really get a kick out of this one. I give it a 4 out of 10. Had this been the unedited Japanese version that I watched, it probably would've gotten a 5.",0,1,0.50810033
"Progeny is about a husband and wife who experience time loss while making love. Completely unaware of what this bizarre experience means they try to go on with their lives. The hubby begins questioning the bizarre event and gets help through a very annoying psychiatrist. He comes to believe that aliens are responsible for this lapse in time and that the unborn baby he once thought was his and his wife's actually belongs to the aliens.<br /><br />If ya ask me, this is a great scifi/horror story. Taking a highly questionable real-life scenario involving alien abduction and hybrid breeding is definite thumbs up from this guy. I love all things related to aliens and this story definitely delivered some good ideas. So if you also share an interest in things extraterrestrial, you should be pretty happy with Progeny. At least story-wise anyways.<br /><br />Unfortunately the movie overall is pretty average. With average acting by all actors. Yep, even by the consistently awesome Mr. Dourif, who still does deliver the best performance. Though the black head doctor, delivers his lines really well. There are a few points in the flick where some of the delivery is cringe or laugh worthy, which is fine in my book. I like them cheesy and this had a little bit of some nice stinky cheese, and I mean that in a good way.<br /><br />Anyways, with a less than stellar script you can't really blame all the actors. I especially didn't care for the Mother Hysteria the film went for. She wanted a baby so badly that she'd neglect and dismiss everything her loving husband (who's a doctor!!) said to her. It almost reached a point where you actually didn't care what happened to her.<br /><br />The Progeny is another flick by Brian Yuzna from the icky-sticky film, Society. Again he delivers some slimy effects, and again he delivers a pretty unique tale of horror. If you're into scifi/horror or are a fan of Dourif and or Yuzna films, there's no real reason not to check out this flick if you get the chance. A generous 7 outta 10.",1,0,0.57482916
"It follows BLOCK-HEADS and A CHUMP AT OXFORD, two films that are hard to top. Not that SAPS AT SEA is a bad film - it is the last good comedy (unless one insists on JITTERBUGS or another of the later films) that Laurel & Hardy made. It's just that it is a toss-off little film, without the crazy destructive crescendo of BLOCK-HEADS or the astounding sight of Stan's ""real"" personality in A CHUMP AT OXFORD to revel in. At 57 minutes it is shorter than the other two films a bit, but that actually is not a bad point for it. It has just enough time to it to hit the right notes. It's just not as special as the other two.<br /><br />Stan and Ollie work in a factory that manufactures horns. I suspect that there was a bit of Chaplin influence in this sequence (one recalls a similar assembly-line incident in MODERN TIMES only four years earlier). Ollie's nerves finally snap, and he goes on a rampage. He goes home and (naturally) his roommate Stan does not help - Stan has a music lesson with an eccentric professor on his instrument (you've got it - a trombone). After beating up the poor professor, Ollie has problems with the incompetent janitor/engineer (Ben Turpin in a nice brief appearance), and then faces his doctor (Jimmy Finleyson) and his nerve tester (a balloon that inflates as you push air out of Ollie's stomach). Finleyson announces that it is a bad case of ""horniphobia"", and Ollie needs a vacation with plenty of quiet and goat's milk. They end up going to a ship but Ollie and Stan know nothing about seamanship - so they plan to sleep on the ship. Unfortunately the goat gnaws the rope until it breaks and the ship sails off. Also unfortunately, on board is Richard Cramer, an escaped dangerous criminal. This is not going to be a peaceful vacation.<br /><br />SAPS AT SEA (like A CHUMP) could have been three shorts, one at the factory, one at the apartment, and one on the boat. Each would have been a successful short, and they all make a funny film - but the stitching of the parts together shows. There are some very amusing moments in the film - the discoveries of how Turpin's ineptitude causes various mishaps with water taps and stoves in the apartment; the accidental remarks of building manager Charlie Hall when Stan or Ollie runs by him and asks for directions (""Can you help me find the basement?"" asks Stan - ""Certainly,you can't miss it - it's downstairs!"", says Hall, who realizes what a stupid comment he just made); and Cramer's mistreatment of his two hostage slaves. He calls Ollie ""Dizzy"" and Stan ""Daffy"" (an allusion to the Dean Brothers of the St. Louis Cardinal teams of the 1930s - see Dan Dailey's THE PRIDE OF ST. LOUIS). Cramer has the boys cook him up some food - and they make a synthetic meal (boot laces for spaghetti, for instance) to get him sick to be overpowered. When he realizes what they have done, he forces them to eat the meal themselves. Their reactions are brilliant.<br /><br />SAPS AT SEA is not on par with the top line of Laurel & Hardy films, but it is a good film on the whole, and a good conclusion to the best years of their film career (1927 - 1940) when they were with Hal Roach. In the immediate couple of years before it appeared the boys and Roach had serious problems involving production costs (OUR RELATIONS, where Stan was producer on the film), artistic problems (scenes from SWISS MISS were cut meaninglessly), and contractual arguments (leading to Ollie appearing with Harry Langdon in ZENOBIA). Stan and Ollie hit back with THE FLYING DEUCES, wherein the production was not Roach's but Boris Morros'. At last a two picture deal of A CHUMP AT OXFORD and SAPS AT SEA concluded the arguments and problems - and on a high note the boys left Roach. Unfortunately they never found any subsequent film relationship with a producer as satisfactory as this had been.",1,0,0.64130557
"""When I die, someone will bury me. And if they don't, what's the difference. Who gives a damn, huh?"" Thus the philosophy of life (or lack there of) is summed up once and for all in this less than classic but nevertheless fun spinoff of Sergio Leone's ""Dollars Trilogy.""<br /><br />In the opening scene, three obviously evil gunmen ride into a western town and, with menacing glares, they intimidate all the pathetic normal people hiding in their homes. The observant watcher will notice that each of these three bears a striking resemblance to characters from Leone's For A Few Dollars More. There is one guy in Eastwood's poncho, one in Lee Van Cleef's black suit, and one seeming to act like Gian Marie Volonte's Indio. But this movie is not about these guys. No sooner do they ride into town when they are gunned down by someone even cooler than they, a mysterious bounty hunter known simply as the Stranger.<br /><br />No. this is an altogether different story.<br /><br />In an obvious copying of Leone's The Good, the Bad, and the Ugly, three gunmen are again vying for a hidden treasure. Once again there is the bounty hunter and the Mexican bandit. The Stranger (George Hilton) is a supercool bounty hunter with a penchant for shooting people while dressed up like a priest. He is after the reward for the bandit Monetero (Gilbert Roland). But when Monetero's gang steals three hundred thousand in gold coins, the Stranger gets sidetracked from his normal line of work.<br /><br />To round off the trio there is Edd Byrne's corrupt bank executive, Clayton. He too wants the money for himself. But after the money is hidden away, the only man who knows where it is gets shot. Now the only clue to the hiding place is a medallion that shows a family crest. The game is too find the treasure before anyone else does. And any gun can play.<br /><br />With plenty of gunfights, fist fights, and double crosses, the action takes these three to the ultimate showdown ripoff, a three way draw for the hidden treasure ala The Good, the Bad, and the Ugly -- but with a twist.<br /><br />This movie is not as good as Leone's films, of course, but in the end who gives a damn, huh? This movie is fun -- 60s nihilism, spaghetti western style. There are no rules, no enduring loyalties, and no right or wrong -- just the treasure and whatever it takes to get it. And, though the movie is not classic, the ending surely is. Hey, maybe we all can get along after all, for a hundred thousand a piece.<br /><br />If you like spaghetti westerns, check this one out. It is fast, furious, and worth the look.",1,0,0.57446086
